"model_id","model","rep","Resample","alpha","lambda","Sens","Spec","Accuracy","BalancedAccuracy","F1","Precision","PPV","NPV","Kappa","MCC","ROC","PR_AUC","mtry","splitrule","min.node.size","eta","max_depth","gamma","colsample_bytree","min_child_weight","subsample","nrounds"
"RLR","RLR","RLR","Fold01.Rep01",0.5,0.0784759970351461,0.333333333333333,0.9,0.657142857142857,0.616666666666667,0.454545454545454,0.714285714285714,0.714285714285714,0.642857142857143,0.25,0.288675134594813,0.74,0.573159600558578,NA,NA,NA,NA,NA,NA,NA,NA,NA,NA
"RLR","RLR","RLR","Fold02.Rep01",0.5,0.0784759970351461,0.666666666666667,0.842105263157895,0.764705882352941,0.754385964912281,0.714285714285714,0.769230769230769,0.769230769230769,0.761904761904762,0.516014234875445,0.519833482159641,0.814035087719298,0.811745904966493,NA,NA,NA,NA,NA,NA,NA,NA,NA,NA
"RLR","RLR","RLR","Fold03.Rep01",0.5,0.0784759970351461,0.333333333333333,0.68421052631579,0.529411764705882,0.508771929824561,0.384615384615385,0.454545454545455,0.454545454545455,0.565217391304348,0.0180505415162454,0.0186203274368681,0.589473684210526,0.445248472585745,NA,NA,NA,NA,NA,NA,NA,NA,NA,NA
"RLR","RLR","RLR","Fold04.Rep01",0.5,0.0784759970351461,0.466666666666667,0.894736842105263,0.705882352941177,0.680701754385965,0.583333333333333,0.777777777777778,0.777777777777778,0.68,0.377289377289377,0.406746229394577,0.708771929824561,0.634359029965896,NA,NA,NA,NA,NA,NA,NA,NA,NA,NA
"RLR","RLR","RLR","Fold05.Rep01",0.5,0.0784759970351461,0.4,0.842105263157895,0.647058823529412,0.621052631578947,0.5,0.666666666666667,0.666666666666667,0.64,0.252747252747253,0.272480483769182,0.645614035087719,0.511350532483525,NA,NA,NA,NA,NA,NA,NA,NA,NA,NA
"RLR","RLR","RLR","Fold06.Rep01",0.5,0.0784759970351461,0.333333333333333,0.894736842105263,0.647058823529412,0.614035087719298,0.454545454545454,0.714285714285714,0.714285714285714,0.62962962962963,0.241635687732342,0.280065765174535,0.687719298245614,0.653989854070687,NA,NA,NA,NA,NA,NA,NA,NA,NA,NA
"RLR","RLR","RLR","Fold07.Rep01",0.5,0.0784759970351461,0.4,0.789473684210526,0.61764705882353,0.594736842105263,0.48,0.6,0.6,0.625,0.196363636363636,0.206474160483506,0.664912280701754,0.605425833169968,NA,NA,NA,NA,NA,NA,NA,NA,NA,NA
"RLR","RLR","RLR","Fold08.Rep01",0.5,0.0784759970351461,0.533333333333333,0.6,0.571428571428571,0.566666666666667,0.516129032258065,0.5,0.5,0.631578947368421,0.132231404958678,0.132453235706504,0.573333333333333,0.453227655201873,NA,NA,NA,NA,NA,NA,NA,NA,NA,NA
"RLR","RLR","RLR","Fold09.Rep01",0.5,0.0784759970351461,0.266666666666667,0.947368421052632,0.647058823529412,0.607017543859649,0.4,0.8,0.8,0.620689655172414,0.230188679245283,0.300070570445402,0.803508771929825,0.669692070504091,NA,NA,NA,NA,NA,NA,NA,NA,NA,NA
"RLR","RLR","RLR","Fold10.Rep01",0.5,0.0784759970351461,0.4,0.736842105263158,0.588235294117647,0.568421052631579,0.461538461538462,0.545454545454545,0.545454545454545,0.608695652173913,0.140794223826715,0.145238554007571,0.692982456140351,0.642968875516829,NA,NA,NA,NA,NA,NA,NA,NA,NA,NA
"RLR","RLR","RLR","Fold01.Rep02",0.5,0.0784759970351461,0.266666666666667,0.842105263157895,0.588235294117647,0.554385964912281,0.363636363636364,0.571428571428571,0.571428571428571,0.592592592592593,0.115241635687732,0.133569826467855,0.649122807017544,0.583387225032314,NA,NA,NA,NA,NA,NA,NA,NA,NA,NA
"RLR","RLR","RLR","Fold02.Rep02",0.5,0.0784759970351461,0.266666666666667,0.95,0.657142857142857,0.608333333333333,0.4,0.8,0.8,0.633333333333333,0.236363636363636,0.306412938514171,0.736666666666667,0.694363129277855,NA,NA,NA,NA,NA,NA,NA,NA,NA,NA
"RLR","RLR","RLR","Fold03.Rep02",0.5,0.0784759970351461,0.333333333333333,0.789473684210526,0.588235294117647,0.56140350877193,0.416666666666667,0.555555555555556,0.555555555555556,0.6,0.128205128205128,0.138214738143788,0.673684210526316,0.620432473710247,NA,NA,NA,NA,NA,NA,NA,NA,NA,NA
"RLR","RLR","RLR","Fold04.Rep02",0.5,0.0784759970351461,0.466666666666667,0.894736842105263,0.705882352941177,0.680701754385965,0.583333333333333,0.777777777777778,0.777777777777778,0.68,0.377289377289377,0.406746229394577,0.835087719298246,0.739199062318257,NA,NA,NA,NA,NA,NA,NA,NA,NA,NA
"RLR","RLR","RLR","Fold05.Rep02",0.5,0.0784759970351461,0.333333333333333,0.789473684210526,0.588235294117647,0.56140350877193,0.416666666666667,0.555555555555556,0.555555555555556,0.6,0.128205128205128,0.138214738143788,0.628070175438596,0.499062211508929,NA,NA,NA,NA,NA,NA,NA,NA,NA,NA
"RLR","RLR","RLR","Fold06.Rep02",0.5,0.0784759970351461,0.333333333333333,0.7,0.542857142857143,0.516666666666667,0.384615384615385,0.454545454545455,0.454545454545455,0.583333333333333,0.0344827586206897,0.0355334527259351,0.476666666666667,0.444482873178153,NA,NA,NA,NA,NA,NA,NA,NA,NA,NA
"RLR","RLR","RLR","Fold07.Rep02",0.5,0.0784759970351461,0.4,0.631578947368421,0.529411764705882,0.515789473684211,0.428571428571429,0.461538461538462,0.461538461538462,0.571428571428571,0.0320284697508898,0.0322655264788743,0.547368421052632,0.446145323078599,NA,NA,NA,NA,NA,NA,NA,NA,NA,NA
"RLR","RLR","RLR","Fold08.Rep02",0.5,0.0784759970351461,0.466666666666667,0.68421052631579,0.588235294117647,0.575438596491228,0.5,0.538461538461538,0.538461538461538,0.619047619047619,0.153024911032029,0.154157515399066,0.71578947368421,0.544506011704154,NA,NA,NA,NA,NA,NA,NA,NA,NA,NA
"RLR","RLR","RLR","Fold09.Rep02",0.5,0.0784759970351461,0.666666666666667,0.736842105263158,0.705882352941177,0.701754385964912,0.666666666666667,0.666666666666667,0.666666666666667,0.736842105263158,0.403508771929825,0.403508771929825,0.759649122807017,0.669176436476666,NA,NA,NA,NA,NA,NA,NA,NA,NA,NA
"RLR","RLR","RLR","Fold10.Rep02",0.5,0.0784759970351461,0.4,1,0.735294117647059,0.7,0.571428571428572,1,1,0.678571428571429,0.426966292134832,0.520988072251728,0.807017543859649,0.801294449892848,NA,NA,NA,NA,NA,NA,NA,NA,NA,NA
"RLR","RLR","RLR","Fold01.Rep03",0.5,0.0784759970351461,0.466666666666667,0.789473684210526,0.647058823529412,0.628070175438596,0.538461538461539,0.636363636363636,0.636363636363636,0.652173913043478,0.263537906137184,0.271856780578274,0.691228070175439,0.541068353486019,NA,NA,NA,NA,NA,NA,NA,NA,NA,NA
"RLR","RLR","RLR","Fold02.Rep03",0.5,0.0784759970351461,0.533333333333333,0.894736842105263,0.735294117647059,0.714035087719298,0.64,0.8,0.8,0.708333333333333,0.443636363636364,0.466478658870142,0.782456140350877,0.71918632190494,NA,NA,NA,NA,NA,NA,NA,NA,NA,NA
"RLR","RLR","RLR","Fold03.Rep03",0.5,0.0784759970351461,0.266666666666667,0.736842105263158,0.529411764705882,0.501754385964912,0.333333333333333,0.444444444444444,0.444444444444444,0.56,0.00366300366300365,0.00394899251839395,0.685964912280702,0.604642544336123,NA,NA,NA,NA,NA,NA,NA,NA,NA,NA
"RLR","RLR","RLR","Fold04.Rep03",0.5,0.0784759970351461,0.533333333333333,0.75,0.657142857142857,0.641666666666667,0.571428571428572,0.615384615384615,0.615384615384615,0.681818181818182,0.288135593220339,0.290185215349541,0.683333333333333,0.522822957886778,NA,NA,NA,NA,NA,NA,NA,NA,NA,NA
"RLR","RLR","RLR","Fold05.Rep03",0.5,0.0784759970351461,0.533333333333333,0.842105263157895,0.705882352941177,0.687719298245614,0.615384615384615,0.727272727272727,0.727272727272727,0.695652173913043,0.386281588447653,0.398475007148977,0.708771929824561,0.605442430036375,NA,NA,NA,NA,NA,NA,NA,NA,NA,NA
"RLR","RLR","RLR","Fold06.Rep03",0.5,0.0784759970351461,0.466666666666667,0.947368421052632,0.735294117647059,0.707017543859649,0.608695652173913,0.875,0.875,0.692307692307692,0.435424354243542,0.484649657121975,0.814035087719298,0.680328102815025,NA,NA,NA,NA,NA,NA,NA,NA,NA,NA
"RLR","RLR","RLR","Fold07.Rep03",0.5,0.0784759970351461,0.4,0.842105263157895,0.647058823529412,0.621052631578947,0.5,0.666666666666667,0.666666666666667,0.64,0.252747252747253,0.272480483769182,0.675438596491228,0.565055552559793,NA,NA,NA,NA,NA,NA,NA,NA,NA,NA
"RLR","RLR","RLR","Fold08.Rep03",0.5,0.0784759970351461,0.266666666666667,0.526315789473684,0.411764705882353,0.396491228070175,0.285714285714286,0.307692307692308,0.307692307692308,0.476190476190476,-0.209964412811388,-0.211518451361509,0.449122807017544,0.372837009823525,NA,NA,NA,NA,NA,NA,NA,NA,NA,NA
"RLR","RLR","RLR","Fold09.Rep03",0.5,0.0784759970351461,0.333333333333333,0.85,0.628571428571429,0.591666666666667,0.434782608695652,0.625,0.625,0.62962962962963,0.194690265486726,0.216060405362556,0.763333333333333,0.595937783020621,NA,NA,NA,NA,NA,NA,NA,NA,NA,NA
"RLR","RLR","RLR","Fold10.Rep03",0.5,0.0784759970351461,0.466666666666667,0.894736842105263,0.705882352941177,0.680701754385965,0.583333333333333,0.777777777777778,0.777777777777778,0.68,0.377289377289377,0.406746229394577,0.745614035087719,0.669376593505323,NA,NA,NA,NA,NA,NA,NA,NA,NA,NA
"RLR","RLR","RLR","Fold01.Rep04",0.5,0.0784759970351461,0.466666666666667,0.75,0.628571428571429,0.608333333333333,0.518518518518519,0.583333333333333,0.583333333333333,0.652173913043478,0.222222222222222,0.225890615228498,0.68,0.520952891754844,NA,NA,NA,NA,NA,NA,NA,NA,NA,NA
"RLR","RLR","RLR","Fold02.Rep04",0.5,0.0784759970351461,0.266666666666667,0.736842105263158,0.529411764705882,0.501754385964912,0.333333333333333,0.444444444444444,0.444444444444444,0.56,0.00366300366300365,0.00394899251839395,0.549122807017544,0.491223832569263,NA,NA,NA,NA,NA,NA,NA,NA,NA,NA
"RLR","RLR","RLR","Fold03.Rep04",0.5,0.0784759970351461,0.533333333333333,0.85,0.714285714285714,0.691666666666667,0.615384615384615,0.727272727272727,0.727272727272727,0.708333333333333,0.396551724137931,0.408634706348253,0.86,0.817343993551256,NA,NA,NA,NA,NA,NA,NA,NA,NA,NA
"RLR","RLR","RLR","Fold04.Rep04",0.5,0.0784759970351461,0.333333333333333,0.842105263157895,0.61764705882353,0.587719298245614,0.434782608695652,0.625,0.625,0.615384615384615,0.18450184501845,0.205360024204227,0.691228070175439,0.558966017626481,NA,NA,NA,NA,NA,NA,NA,NA,NA,NA
"RLR","RLR","RLR","Fold05.Rep04",0.5,0.0784759970351461,0.4,0.68421052631579,0.558823529411765,0.542105263157895,0.444444444444444,0.5,0.5,0.590909090909091,0.086021505376344,0.0874957278519614,0.592982456140351,0.466750143804289,NA,NA,NA,NA,NA,NA,NA,NA,NA,NA
"RLR","RLR","RLR","Fold06.Rep04",0.5,0.0784759970351461,0.466666666666667,0.894736842105263,0.705882352941177,0.680701754385965,0.583333333333333,0.777777777777778,0.777777777777778,0.68,0.377289377289377,0.406746229394577,0.805263157894737,0.732282449413456,NA,NA,NA,NA,NA,NA,NA,NA,NA,NA
"RLR","RLR","RLR","Fold07.Rep04",0.5,0.0784759970351461,0.666666666666667,0.842105263157895,0.764705882352941,0.754385964912281,0.714285714285714,0.769230769230769,0.769230769230769,0.761904761904762,0.516014234875445,0.519833482159641,0.796491228070175,0.73447208758057,NA,NA,NA,NA,NA,NA,NA,NA,NA,NA
"RLR","RLR","RLR","Fold08.Rep04",0.5,0.0784759970351461,0.4,0.736842105263158,0.588235294117647,0.568421052631579,0.461538461538462,0.545454545454545,0.545454545454545,0.608695652173913,0.140794223826715,0.145238554007571,0.736842105263158,0.568116384981037,NA,NA,NA,NA,NA,NA,NA,NA,NA,NA
"RLR","RLR","RLR","Fold09.Rep04",0.5,0.0784759970351461,0.333333333333333,0.68421052631579,0.529411764705882,0.508771929824561,0.384615384615385,0.454545454545455,0.454545454545455,0.565217391304348,0.0180505415162454,0.0186203274368681,0.557894736842105,0.439331571988501,NA,NA,NA,NA,NA,NA,NA,NA,NA,NA
"RLR","RLR","RLR","Fold10.Rep04",0.5,0.0784759970351461,0.333333333333333,0.736842105263158,0.558823529411765,0.535087719298246,0.4,0.5,0.5,0.583333333333333,0.0727272727272726,0.0764719112901873,0.557894736842105,0.532515291296881,NA,NA,NA,NA,NA,NA,NA,NA,NA,NA
"RLR","RLR","RLR","Fold01.Rep05",0.5,0.0784759970351461,0.4,0.789473684210526,0.61764705882353,0.594736842105263,0.48,0.6,0.6,0.625,0.196363636363636,0.206474160483506,0.63859649122807,0.551869053178516,NA,NA,NA,NA,NA,NA,NA,NA,NA,NA
"RLR","RLR","RLR","Fold02.Rep05",0.5,0.0784759970351461,0.333333333333333,0.894736842105263,0.647058823529412,0.614035087719298,0.454545454545454,0.714285714285714,0.714285714285714,0.62962962962963,0.241635687732342,0.280065765174535,0.703508771929825,0.624817916735008,NA,NA,NA,NA,NA,NA,NA,NA,NA,NA
"RLR","RLR","RLR","Fold03.Rep05",0.5,0.0784759970351461,0.333333333333333,0.8,0.6,0.566666666666667,0.416666666666667,0.555555555555556,0.555555555555556,0.615384615384615,0.140350877192982,0.150970271219279,0.643333333333333,0.539871906856797,NA,NA,NA,NA,NA,NA,NA,NA,NA,NA
"RLR","RLR","RLR","Fold04.Rep05",0.5,0.0784759970351461,0.333333333333333,0.9,0.657142857142857,0.616666666666667,0.454545454545454,0.714285714285714,0.714285714285714,0.642857142857143,0.25,0.288675134594813,0.776666666666667,0.715812726811469,NA,NA,NA,NA,NA,NA,NA,NA,NA,NA
"RLR","RLR","RLR","Fold05.Rep05",0.5,0.0784759970351461,0.466666666666667,0.894736842105263,0.705882352941177,0.680701754385965,0.583333333333333,0.777777777777778,0.777777777777778,0.68,0.377289377289377,0.406746229394577,0.75438596491228,0.696576074563625,NA,NA,NA,NA,NA,NA,NA,NA,NA,NA
"RLR","RLR","RLR","Fold06.Rep05",0.5,0.0784759970351461,0.533333333333333,0.736842105263158,0.647058823529412,0.635087719298246,0.571428571428572,0.615384615384615,0.615384615384615,0.666666666666667,0.274021352313167,0.276049504319258,0.673684210526316,0.515495642699665,NA,NA,NA,NA,NA,NA,NA,NA,NA,NA
"RLR","RLR","RLR","Fold07.Rep05",0.5,0.0784759970351461,0.4,0.68421052631579,0.558823529411765,0.542105263157895,0.444444444444444,0.5,0.5,0.590909090909091,0.086021505376344,0.0874957278519614,0.582456140350877,0.553540777830704,NA,NA,NA,NA,NA,NA,NA,NA,NA,NA
"RLR","RLR","RLR","Fold08.Rep05",0.5,0.0784759970351461,0.266666666666667,0.842105263157895,0.588235294117647,0.554385964912281,0.363636363636364,0.571428571428571,0.571428571428571,0.592592592592593,0.115241635687732,0.133569826467855,0.63859649122807,0.51662944106839,NA,NA,NA,NA,NA,NA,NA,NA,NA,NA
"RLR","RLR","RLR","Fold09.Rep05",0.5,0.0784759970351461,0.333333333333333,0.631578947368421,0.5,0.482456140350877,0.37037037037037,0.416666666666667,0.416666666666667,0.545454545454546,-0.0358422939068102,-0.0364565532716506,0.578947368421053,0.488322376952004,NA,NA,NA,NA,NA,NA,NA,NA,NA,NA
"RLR","RLR","RLR","Fold10.Rep05",0.5,0.0784759970351461,0.4,0.894736842105263,0.676470588235294,0.647368421052632,0.521739130434783,0.75,0.75,0.653846153846154,0.309963099630996,0.345004840663101,0.8,0.708073148895311,NA,NA,NA,NA,NA,NA,NA,NA,NA,NA
"RLR","RLR","RLR","Fold01.Rep06",0.5,0.0784759970351461,0.533333333333333,0.947368421052632,0.764705882352941,0.740350877192982,0.666666666666667,0.888888888888889,0.888888888888889,0.72,0.501831501831502,0.541011975019971,0.849122807017544,0.824577145077145,NA,NA,NA,NA,NA,NA,NA,NA,NA,NA
"RLR","RLR","RLR","Fold02.Rep06",0.5,0.0784759970351461,0.466666666666667,0.789473684210526,0.647058823529412,0.628070175438596,0.538461538461539,0.636363636363636,0.636363636363636,0.652173913043478,0.263537906137184,0.271856780578274,0.736842105263158,0.626466857583138,NA,NA,NA,NA,NA,NA,NA,NA,NA,NA
"RLR","RLR","RLR","Fold03.Rep06",0.5,0.0784759970351461,0.4,0.7,0.571428571428571,0.55,0.444444444444444,0.5,0.5,0.608695652173913,0.102564102564103,0.104257207028537,0.643333333333333,0.538420868264946,NA,NA,NA,NA,NA,NA,NA,NA,NA,NA
"RLR","RLR","RLR","Fold04.Rep06",0.5,0.0784759970351461,0.533333333333333,0.894736842105263,0.735294117647059,0.714035087719298,0.64,0.8,0.8,0.708333333333333,0.443636363636364,0.466478658870142,0.698245614035088,0.720123807116311,NA,NA,NA,NA,NA,NA,NA,NA,NA,NA
"RLR","RLR","RLR","Fold05.Rep06",0.5,0.0784759970351461,0.266666666666667,0.9,0.628571428571429,0.583333333333333,0.380952380952381,0.666666666666667,0.666666666666667,0.620689655172414,0.18018018018018,0.218844054766204,0.69,0.58747137450627,NA,NA,NA,NA,NA,NA,NA,NA,NA,NA
"RLR","RLR","RLR","Fold06.Rep06",0.5,0.0784759970351461,0.2,0.894736842105263,0.588235294117647,0.547368421052632,0.3,0.6,0.6,0.586206896551724,0.10188679245283,0.132818121344686,0.864912280701754,0.792868504044975,NA,NA,NA,NA,NA,NA,NA,NA,NA,NA
"RLR","RLR","RLR","Fold07.Rep06",0.5,0.0784759970351461,0.333333333333333,0.842105263157895,0.61764705882353,0.587719298245614,0.434782608695652,0.625,0.625,0.615384615384615,0.18450184501845,0.205360024204227,0.701754385964912,0.603224008025248,NA,NA,NA,NA,NA,NA,NA,NA,NA,NA
"RLR","RLR","RLR","Fold08.Rep06",0.5,0.0784759970351461,0.266666666666667,0.631578947368421,0.470588235294118,0.449122807017544,0.307692307692308,0.363636363636364,0.363636363636364,0.521739130434782,-0.104693140794224,-0.107997899133835,0.463157894736842,0.475497019383835,NA,NA,NA,NA,NA,NA,NA,NA,NA,NA
"RLR","RLR","RLR","Fold09.Rep06",0.5,0.0784759970351461,0.4,0.578947368421053,0.5,0.489473684210526,0.413793103448276,0.428571428571429,0.428571428571429,0.55,-0.0212014134275618,-0.0212397697621437,0.570175438596491,0.441544698669828,NA,NA,NA,NA,NA,NA,NA,NA,NA,NA
"RLR","RLR","RLR","Fold10.Rep06",0.5,0.0784759970351461,0.466666666666667,0.789473684210526,0.647058823529412,0.628070175438596,0.538461538461539,0.636363636363636,0.636363636363636,0.652173913043478,0.263537906137184,0.271856780578274,0.663157894736842,0.553751676216047,NA,NA,NA,NA,NA,NA,NA,NA,NA,NA
"RLR","RLR","RLR","Fold01.Rep07",0.5,0.0784759970351461,0.4,0.68421052631579,0.558823529411765,0.542105263157895,0.444444444444444,0.5,0.5,0.590909090909091,0.086021505376344,0.0874957278519614,0.631578947368421,0.551427474750063,NA,NA,NA,NA,NA,NA,NA,NA,NA,NA
"RLR","RLR","RLR","Fold02.Rep07",0.5,0.0784759970351461,0.266666666666667,0.894736842105263,0.61764705882353,0.580701754385965,0.380952380952381,0.666666666666667,0.666666666666667,0.607142857142857,0.172284644194757,0.210223257224381,0.845614035087719,0.736081061038491,NA,NA,NA,NA,NA,NA,NA,NA,NA,NA
"RLR","RLR","RLR","Fold03.Rep07",0.5,0.0784759970351461,0.4,0.789473684210526,0.61764705882353,0.594736842105263,0.48,0.6,0.6,0.625,0.196363636363636,0.206474160483506,0.733333333333333,0.578205770903756,NA,NA,NA,NA,NA,NA,NA,NA,NA,NA
"RLR","RLR","RLR","Fold04.Rep07",0.5,0.0784759970351461,0.466666666666667,0.736842105263158,0.61764705882353,0.601754385964912,0.518518518518519,0.583333333333333,0.583333333333333,0.636363636363636,0.207885304659498,0.211448008975573,0.712280701754386,0.664927003535824,NA,NA,NA,NA,NA,NA,NA,NA,NA,NA
"RLR","RLR","RLR","Fold05.Rep07",0.5,0.0784759970351461,0.533333333333333,0.75,0.657142857142857,0.641666666666667,0.571428571428572,0.615384615384615,0.615384615384615,0.681818181818182,0.288135593220339,0.290185215349541,0.606666666666667,0.461600957467024,NA,NA,NA,NA,NA,NA,NA,NA,NA,NA
"RLR","RLR","RLR","Fold06.Rep07",0.5,0.0784759970351461,0.4,0.736842105263158,0.588235294117647,0.568421052631579,0.461538461538462,0.545454545454545,0.545454545454545,0.608695652173913,0.140794223826715,0.145238554007571,0.649122807017544,0.487613311175412,NA,NA,NA,NA,NA,NA,NA,NA,NA,NA
"RLR","RLR","RLR","Fold07.Rep07",0.5,0.0784759970351461,0.4,0.789473684210526,0.61764705882353,0.594736842105263,0.48,0.6,0.6,0.625,0.196363636363636,0.206474160483506,0.67719298245614,0.580801140085173,NA,NA,NA,NA,NA,NA,NA,NA,NA,NA
"RLR","RLR","RLR","Fold08.Rep07",0.5,0.0784759970351461,0.333333333333333,0.894736842105263,0.647058823529412,0.614035087719298,0.454545454545454,0.714285714285714,0.714285714285714,0.62962962962963,0.241635687732342,0.280065765174535,0.594736842105263,0.549906602358804,NA,NA,NA,NA,NA,NA,NA,NA,NA,NA
"RLR","RLR","RLR","Fold09.Rep07",0.5,0.0784759970351461,0.266666666666667,0.947368421052632,0.647058823529412,0.607017543859649,0.4,0.8,0.8,0.620689655172414,0.230188679245283,0.300070570445402,0.72280701754386,0.693227158378199,NA,NA,NA,NA,NA,NA,NA,NA,NA,NA
"RLR","RLR","RLR","Fold10.Rep07",0.5,0.0784759970351461,0.6,0.8,0.714285714285714,0.7,0.642857142857143,0.692307692307692,0.692307692307692,0.727272727272727,0.406779661016949,0.409673245199351,0.723333333333333,0.621214917505412,NA,NA,NA,NA,NA,NA,NA,NA,NA,NA
"RLR","RLR","RLR","Fold01.Rep08",0.5,0.0784759970351461,0.466666666666667,0.736842105263158,0.61764705882353,0.601754385964912,0.518518518518519,0.583333333333333,0.583333333333333,0.636363636363636,0.207885304659498,0.211448008975573,0.628070175438597,0.560977198090935,NA,NA,NA,NA,NA,NA,NA,NA,NA,NA
"RLR","RLR","RLR","Fold02.Rep08",0.5,0.0784759970351461,0.466666666666667,0.736842105263158,0.61764705882353,0.601754385964912,0.518518518518519,0.583333333333333,0.583333333333333,0.636363636363636,0.207885304659498,0.211448008975573,0.656140350877193,0.504073430555741,NA,NA,NA,NA,NA,NA,NA,NA,NA,NA
"RLR","RLR","RLR","Fold03.Rep08",0.5,0.0784759970351461,0.533333333333333,0.65,0.6,0.591666666666667,0.533333333333333,0.533333333333333,0.533333333333333,0.65,0.183333333333333,0.183333333333333,0.63,0.568901729585762,NA,NA,NA,NA,NA,NA,NA,NA,NA,NA
"RLR","RLR","RLR","Fold04.Rep08",0.5,0.0784759970351461,0.333333333333333,0.85,0.628571428571429,0.591666666666667,0.434782608695652,0.625,0.625,0.62962962962963,0.194690265486726,0.216060405362556,0.71,0.607405697362219,NA,NA,NA,NA,NA,NA,NA,NA,NA,NA
"RLR","RLR","RLR","Fold05.Rep08",0.5,0.0784759970351461,0.6,0.894736842105263,0.764705882352941,0.747368421052632,0.692307692307692,0.818181818181818,0.818181818181818,0.739130434782609,0.509025270758123,0.52509323371968,0.810526315789474,0.770259074745917,NA,NA,NA,NA,NA,NA,NA,NA,NA,NA
"RLR","RLR","RLR","Fold06.Rep08",0.5,0.0784759970351461,0.333333333333333,0.789473684210526,0.588235294117647,0.56140350877193,0.416666666666667,0.555555555555556,0.555555555555556,0.6,0.128205128205128,0.138214738143788,0.680701754385965,0.529446408350029,NA,NA,NA,NA,NA,NA,NA,NA,NA,NA
"RLR","RLR","RLR","Fold07.Rep08",0.5,0.0784759970351461,0.266666666666667,0.894736842105263,0.61764705882353,0.580701754385965,0.380952380952381,0.666666666666667,0.666666666666667,0.607142857142857,0.172284644194757,0.210223257224381,0.740350877192982,0.647754971872909,NA,NA,NA,NA,NA,NA,NA,NA,NA,NA
"RLR","RLR","RLR","Fold08.Rep08",0.5,0.0784759970351461,0.266666666666667,0.894736842105263,0.61764705882353,0.580701754385965,0.380952380952381,0.666666666666667,0.666666666666667,0.607142857142857,0.172284644194757,0.210223257224381,0.694736842105263,0.66111528872255,NA,NA,NA,NA,NA,NA,NA,NA,NA,NA
"RLR","RLR","RLR","Fold09.Rep08",0.5,0.0784759970351461,0.4,0.631578947368421,0.529411764705882,0.515789473684211,0.428571428571429,0.461538461538462,0.461538461538462,0.571428571428571,0.0320284697508898,0.0322655264788743,0.564912280701755,0.433451109571675,NA,NA,NA,NA,NA,NA,NA,NA,NA,NA
"RLR","RLR","RLR","Fold10.Rep08",0.5,0.0784759970351461,0.266666666666667,0.947368421052632,0.647058823529412,0.607017543859649,0.4,0.8,0.8,0.620689655172414,0.230188679245283,0.300070570445402,0.754385964912281,0.681245361428314,NA,NA,NA,NA,NA,NA,NA,NA,NA,NA
"RLR","RLR","RLR","Fold01.Rep09",0.5,0.0784759970351461,0.466666666666667,0.6,0.542857142857143,0.533333333333333,0.466666666666667,0.466666666666667,0.466666666666667,0.6,0.0666666666666667,0.0666666666666667,0.535,0.407927432461559,NA,NA,NA,NA,NA,NA,NA,NA,NA,NA
"RLR","RLR","RLR","Fold02.Rep09",0.5,0.0784759970351461,0.466666666666667,0.736842105263158,0.61764705882353,0.601754385964912,0.518518518518519,0.583333333333333,0.583333333333333,0.636363636363636,0.207885304659498,0.211448008975573,0.650877192982456,0.488190918086865,NA,NA,NA,NA,NA,NA,NA,NA,NA,NA
"RLR","RLR","RLR","Fold03.Rep09",0.5,0.0784759970351461,0.333333333333333,0.95,0.685714285714286,0.641666666666667,0.476190476190476,0.833333333333333,0.833333333333333,0.655172413793103,0.306306306306306,0.372034893102547,0.783333333333333,0.706816059828008,NA,NA,NA,NA,NA,NA,NA,NA,NA,NA
"RLR","RLR","RLR","Fold04.Rep09",0.5,0.0784759970351461,0.333333333333333,0.947368421052632,0.676470588235294,0.640350877192982,0.476190476190476,0.833333333333333,0.833333333333333,0.642857142857143,0.299625468164794,0.365605664738055,0.694736842105263,0.617344869192844,NA,NA,NA,NA,NA,NA,NA,NA,NA,NA
"RLR","RLR","RLR","Fold05.Rep09",0.5,0.0784759970351461,0.466666666666667,0.894736842105263,0.705882352941177,0.680701754385965,0.583333333333333,0.777777777777778,0.777777777777778,0.68,0.377289377289377,0.406746229394577,0.768421052631579,0.69184693318527,NA,NA,NA,NA,NA,NA,NA,NA,NA,NA
"RLR","RLR","RLR","Fold06.Rep09",0.5,0.0784759970351461,0.266666666666667,0.842105263157895,0.588235294117647,0.554385964912281,0.363636363636364,0.571428571428571,0.571428571428571,0.592592592592593,0.115241635687732,0.133569826467855,0.680701754385965,0.515178575810155,NA,NA,NA,NA,NA,NA,NA,NA,NA,NA
"RLR","RLR","RLR","Fold07.Rep09",0.5,0.0784759970351461,0.466666666666667,0.789473684210526,0.647058823529412,0.628070175438596,0.538461538461539,0.636363636363636,0.636363636363636,0.652173913043478,0.263537906137184,0.271856780578274,0.747368421052631,0.656873444652877,NA,NA,NA,NA,NA,NA,NA,NA,NA,NA
"RLR","RLR","RLR","Fold08.Rep09",0.5,0.0784759970351461,0.6,0.68421052631579,0.647058823529412,0.642105263157895,0.6,0.6,0.6,0.68421052631579,0.28421052631579,0.28421052631579,0.698245614035088,0.722798828329519,NA,NA,NA,NA,NA,NA,NA,NA,NA,NA
"RLR","RLR","RLR","Fold09.Rep09",0.5,0.0784759970351461,0.333333333333333,0.894736842105263,0.647058823529412,0.614035087719298,0.454545454545454,0.714285714285714,0.714285714285714,0.62962962962963,0.241635687732342,0.280065765174535,0.733333333333333,0.696937400207815,NA,NA,NA,NA,NA,NA,NA,NA,NA,NA
"RLR","RLR","RLR","Fold10.Rep09",0.5,0.0784759970351461,0.533333333333333,0.842105263157895,0.705882352941177,0.687719298245614,0.615384615384615,0.727272727272727,0.727272727272727,0.695652173913043,0.386281588447653,0.398475007148977,0.768421052631579,0.655230296372554,NA,NA,NA,NA,NA,NA,NA,NA,NA,NA
"RLR","RLR","RLR","Fold01.Rep10",0.5,0.0784759970351461,0.4,0.75,0.6,0.575,0.461538461538462,0.545454545454545,0.545454545454546,0.625,0.155172413793104,0.159900537266708,0.706666666666667,0.602748911463195,NA,NA,NA,NA,NA,NA,NA,NA,NA,NA
"RLR","RLR","RLR","Fold02.Rep10",0.5,0.0784759970351461,0.4,0.894736842105263,0.676470588235294,0.647368421052632,0.521739130434783,0.75,0.75,0.653846153846154,0.309963099630996,0.345004840663101,0.749122807017544,0.594153375052498,NA,NA,NA,NA,NA,NA,NA,NA,NA,NA
"RLR","RLR","RLR","Fold03.Rep10",0.5,0.0784759970351461,0.266666666666667,0.789473684210526,0.558823529411765,0.528070175438596,0.347826086956522,0.5,0.5,0.576923076923077,0.059040590405904,0.0657152077453526,0.554385964912281,0.437539204710105,NA,NA,NA,NA,NA,NA,NA,NA,NA,NA
"RLR","RLR","RLR","Fold04.Rep10",0.5,0.0784759970351461,0.4,0.894736842105263,0.676470588235294,0.647368421052632,0.521739130434783,0.75,0.75,0.653846153846154,0.309963099630996,0.345004840663101,0.71578947368421,0.584953427409949,NA,NA,NA,NA,NA,NA,NA,NA,NA,NA
"RLR","RLR","RLR","Fold05.Rep10",0.5,0.0784759970351461,0.266666666666667,0.842105263157895,0.588235294117647,0.554385964912281,0.363636363636364,0.571428571428571,0.571428571428571,0.592592592592593,0.115241635687732,0.133569826467855,0.685964912280702,0.593709565976903,NA,NA,NA,NA,NA,NA,NA,NA,NA,NA
"RLR","RLR","RLR","Fold06.Rep10",0.5,0.0784759970351461,0.4,0.842105263157895,0.647058823529412,0.621052631578947,0.5,0.666666666666667,0.666666666666667,0.64,0.252747252747253,0.272480483769182,0.771929824561403,0.735126525916381,NA,NA,NA,NA,NA,NA,NA,NA,NA,NA
"RLR","RLR","RLR","Fold07.Rep10",0.5,0.0784759970351461,0.266666666666667,0.789473684210526,0.558823529411765,0.528070175438596,0.347826086956522,0.5,0.5,0.576923076923077,0.059040590405904,0.0657152077453526,0.617543859649123,0.587488312569934,NA,NA,NA,NA,NA,NA,NA,NA,NA,NA
"RLR","RLR","RLR","Fold08.Rep10",0.5,0.0784759970351461,0.666666666666667,0.8,0.742857142857143,0.733333333333333,0.689655172413793,0.714285714285714,0.714285714285714,0.761904761904762,0.470588235294118,0.471404520791032,0.833333333333333,0.70208017243621,NA,NA,NA,NA,NA,NA,NA,NA,NA,NA
"RLR","RLR","RLR","Fold09.Rep10",0.5,0.0784759970351461,0.666666666666667,0.894736842105263,0.794117647058823,0.780701754385965,0.740740740740741,0.833333333333333,0.833333333333333,0.772727272727273,0.57347670250896,0.58330485234641,0.778947368421052,0.764250170790026,NA,NA,NA,NA,NA,NA,NA,NA,NA,NA
"RLR","RLR","RLR","Fold10.Rep10",0.5,0.0784759970351461,0.666666666666667,0.578947368421053,0.61764705882353,0.62280701754386,0.606060606060606,0.555555555555556,0.555555555555556,0.6875,0.240549828178694,0.244331446503489,0.624561403508772,0.526423841870728,NA,NA,NA,NA,NA,NA,NA,NA,NA,NA
"RF","RF","RF","Fold01.Rep01",NA,NA,0.333333333333333,0.85,0.628571428571429,0.591666666666667,0.434782608695652,0.625,0.625,0.62962962962963,0.194690265486726,0.216060405362556,0.74,0.58060259777107,64,"gini",30,NA,NA,NA,NA,NA,NA,NA
"RF","RF","RF","Fold02.Rep01",NA,NA,0.8,0.68421052631579,0.735294117647059,0.742105263157895,0.727272727272727,0.666666666666667,0.666666666666667,0.8125,0.474226804123711,0.48168199453545,0.754385964912281,0.73093147991379,64,"gini",30,NA,NA,NA,NA,NA,NA,NA
"RF","RF","RF","Fold03.Rep01",NA,NA,0.6,0.631578947368421,0.61764705882353,0.61578947368421,0.580645161290323,0.5625,0.5625,0.666666666666667,0.229965156794425,0.230369649560433,0.628070175438596,0.462932844869558,64,"gini",30,NA,NA,NA,NA,NA,NA,NA
"RF","RF","RF","Fold04.Rep01",NA,NA,0.533333333333333,0.68421052631579,0.61764705882353,0.608771929824561,0.551724137931034,0.571428571428571,0.571428571428571,0.65,0.219081272084806,0.219477620875485,0.614035087719298,0.545748250459336,64,"gini",30,NA,NA,NA,NA,NA,NA,NA
"RF","RF","RF","Fold05.Rep01",NA,NA,0.333333333333333,0.68421052631579,0.529411764705882,0.508771929824561,0.384615384615385,0.454545454545455,0.454545454545455,0.565217391304348,0.0180505415162454,0.0186203274368681,0.547368421052632,0.447301768363238,64,"gini",30,NA,NA,NA,NA,NA,NA,NA
"RF","RF","RF","Fold06.Rep01",NA,NA,0.333333333333333,0.789473684210526,0.588235294117647,0.56140350877193,0.416666666666667,0.555555555555556,0.555555555555556,0.6,0.128205128205128,0.138214738143788,0.701754385964912,0.569781146588713,64,"gini",30,NA,NA,NA,NA,NA,NA,NA
"RF","RF","RF","Fold07.Rep01",NA,NA,0.6,0.68421052631579,0.647058823529412,0.642105263157895,0.6,0.6,0.6,0.68421052631579,0.28421052631579,0.28421052631579,0.645614035087719,0.543391911880267,64,"gini",30,NA,NA,NA,NA,NA,NA,NA
"RF","RF","RF","Fold08.Rep01",NA,NA,0.533333333333333,0.4,0.457142857142857,0.466666666666667,0.457142857142857,0.4,0.4,0.533333333333333,-0.0640000000000001,-0.0666666666666667,0.433333333333333,0.359919809339724,64,"gini",30,NA,NA,NA,NA,NA,NA,NA
"RF","RF","RF","Fold09.Rep01",NA,NA,0.4,0.736842105263158,0.588235294117647,0.568421052631579,0.461538461538462,0.545454545454545,0.545454545454545,0.608695652173913,0.140794223826715,0.145238554007571,0.652631578947368,0.499201294082727,64,"gini",30,NA,NA,NA,NA,NA,NA,NA
"RF","RF","RF","Fold10.Rep01",NA,NA,0.533333333333333,0.68421052631579,0.61764705882353,0.608771929824561,0.551724137931034,0.571428571428571,0.571428571428571,0.65,0.219081272084806,0.219477620875485,0.708771929824561,0.638149212507862,64,"gini",30,NA,NA,NA,NA,NA,NA,NA
"RF","RF","RF","Fold01.Rep02",NA,NA,0.466666666666667,0.68421052631579,0.588235294117647,0.575438596491228,0.5,0.538461538461538,0.538461538461538,0.619047619047619,0.153024911032029,0.154157515399066,0.589473684210526,0.520548932996132,64,"gini",30,NA,NA,NA,NA,NA,NA,NA
"RF","RF","RF","Fold02.Rep02",NA,NA,0.6,0.55,0.571428571428571,0.575,0.545454545454545,0.5,0.5,0.647058823529412,0.146341463414634,0.148522131446501,0.73,0.726144613898171,64,"gini",30,NA,NA,NA,NA,NA,NA,NA
"RF","RF","RF","Fold03.Rep02",NA,NA,0.533333333333333,0.736842105263158,0.647058823529412,0.635087719298246,0.571428571428572,0.615384615384615,0.615384615384615,0.666666666666667,0.274021352313167,0.276049504319258,0.621052631578947,0.51766410409874,64,"gini",30,NA,NA,NA,NA,NA,NA,NA
"RF","RF","RF","Fold04.Rep02",NA,NA,0.666666666666667,0.789473684210526,0.735294117647059,0.728070175438597,0.689655172413793,0.714285714285714,0.714285714285714,0.75,0.459363957597173,0.460195011513113,0.870175438596491,0.868621248624445,64,"gini",30,NA,NA,NA,NA,NA,NA,NA
"RF","RF","RF","Fold05.Rep02",NA,NA,0.333333333333333,0.736842105263158,0.558823529411765,0.535087719298246,0.4,0.5,0.5,0.583333333333333,0.0727272727272726,0.0764719112901873,0.582456140350877,0.502508893631141,64,"gini",30,NA,NA,NA,NA,NA,NA,NA
"RF","RF","RF","Fold06.Rep02",NA,NA,0.466666666666667,0.65,0.571428571428571,0.558333333333333,0.482758620689655,0.5,0.5,0.619047619047619,0.117647058823529,0.117851130197758,0.533333333333334,0.519670202568698,64,"gini",30,NA,NA,NA,NA,NA,NA,NA
"RF","RF","RF","Fold07.Rep02",NA,NA,0.533333333333333,0.631578947368421,0.588235294117647,0.582456140350877,0.533333333333333,0.533333333333333,0.533333333333333,0.631578947368421,0.164912280701754,0.164912280701754,0.526315789473684,0.424138803815311,64,"gini",30,NA,NA,NA,NA,NA,NA,NA
"RF","RF","RF","Fold08.Rep02",NA,NA,0.533333333333333,0.578947368421053,0.558823529411765,0.556140350877193,0.516129032258065,0.5,0.5,0.611111111111111,0.111498257839721,0.111694375544452,0.6,0.449912910751806,64,"gini",30,NA,NA,NA,NA,NA,NA,NA
"RF","RF","RF","Fold09.Rep02",NA,NA,0.733333333333333,0.68421052631579,0.705882352941177,0.708771929824561,0.6875,0.647058823529412,0.647058823529412,0.764705882352941,0.411764705882353,0.414644214431365,0.757894736842105,0.56643616977141,64,"gini",30,NA,NA,NA,NA,NA,NA,NA
"RF","RF","RF","Fold10.Rep02",NA,NA,0.666666666666667,0.68421052631579,0.676470588235294,0.675438596491228,0.645161290322581,0.625,0.625,0.722222222222222,0.348432055749129,0.349044923576413,0.754385964912281,0.714040672972384,64,"gini",30,NA,NA,NA,NA,NA,NA,NA
"RF","RF","RF","Fold01.Rep03",NA,NA,0.466666666666667,0.473684210526316,0.470588235294118,0.470175438596491,0.4375,0.411764705882353,0.411764705882353,0.529411764705882,-0.0588235294117647,-0.0592348877759092,0.533333333333333,0.489614960916488,64,"gini",30,NA,NA,NA,NA,NA,NA,NA
"RF","RF","RF","Fold02.Rep03",NA,NA,0.666666666666667,0.526315789473684,0.588235294117647,0.596491228070175,0.588235294117647,0.526315789473684,0.526315789473684,0.666666666666667,0.187713310580205,0.192982456140351,0.691228070175439,0.565633907598903,64,"gini",30,NA,NA,NA,NA,NA,NA,NA
"RF","RF","RF","Fold03.Rep03",NA,NA,0.533333333333333,0.68421052631579,0.61764705882353,0.608771929824561,0.551724137931034,0.571428571428571,0.571428571428571,0.65,0.219081272084806,0.219477620875485,0.719298245614035,0.651473239086983,64,"gini",30,NA,NA,NA,NA,NA,NA,NA
"RF","RF","RF","Fold04.Rep03",NA,NA,0.6,0.55,0.571428571428571,0.575,0.545454545454545,0.5,0.5,0.647058823529412,0.146341463414634,0.148522131446501,0.673333333333333,0.570821012019894,64,"gini",30,NA,NA,NA,NA,NA,NA,NA
"RF","RF","RF","Fold05.Rep03",NA,NA,0.6,0.789473684210526,0.705882352941177,0.694736842105263,0.642857142857143,0.692307692307692,0.692307692307692,0.714285714285714,0.395017793594306,0.397941493239449,0.71578947368421,0.729174687644262,64,"gini",30,NA,NA,NA,NA,NA,NA,NA
"RF","RF","RF","Fold06.Rep03",NA,NA,0.666666666666667,0.789473684210526,0.735294117647059,0.728070175438597,0.689655172413793,0.714285714285714,0.714285714285714,0.75,0.459363957597173,0.460195011513113,0.729824561403509,0.562600818668526,64,"gini",30,NA,NA,NA,NA,NA,NA,NA
"RF","RF","RF","Fold07.Rep03",NA,NA,0.533333333333333,0.631578947368421,0.588235294117647,0.582456140350877,0.533333333333333,0.533333333333333,0.533333333333333,0.631578947368421,0.164912280701754,0.164912280701754,0.631578947368421,0.584882718813753,64,"gini",30,NA,NA,NA,NA,NA,NA,NA
"RF","RF","RF","Fold08.Rep03",NA,NA,0.266666666666667,0.368421052631579,0.323529411764706,0.317543859649123,0.258064516129032,0.25,0.25,0.388888888888889,-0.362369337979094,-0.36300672051947,0.421052631578947,0.362109388980972,64,"gini",30,NA,NA,NA,NA,NA,NA,NA
"RF","RF","RF","Fold09.Rep03",NA,NA,0.266666666666667,0.75,0.542857142857143,0.508333333333333,0.333333333333333,0.444444444444444,0.444444444444444,0.576923076923077,0.0175438596491228,0.0188712839024099,0.683333333333333,0.500082093438421,64,"gini",30,NA,NA,NA,NA,NA,NA,NA
"RF","RF","RF","Fold10.Rep03",NA,NA,0.4,0.842105263157895,0.647058823529412,0.621052631578947,0.5,0.666666666666667,0.666666666666667,0.64,0.252747252747253,0.272480483769182,0.72280701754386,0.651347432112798,64,"gini",30,NA,NA,NA,NA,NA,NA,NA
"RF","RF","RF","Fold01.Rep04",NA,NA,0.666666666666667,0.75,0.714285714285714,0.708333333333333,0.666666666666667,0.666666666666667,0.666666666666667,0.75,0.416666666666667,0.416666666666667,0.706666666666667,0.525334462861266,64,"gini",30,NA,NA,NA,NA,NA,NA,NA
"RF","RF","RF","Fold02.Rep04",NA,NA,0.4,0.526315789473684,0.470588235294118,0.463157894736842,0.4,0.4,0.4,0.526315789473684,-0.0736842105263158,-0.0736842105263158,0.494736842105263,0.424247780009401,64,"gini",30,NA,NA,NA,NA,NA,NA,NA
"RF","RF","RF","Fold03.Rep04",NA,NA,0.666666666666667,0.7,0.685714285714286,0.683333333333333,0.645161290322581,0.625,0.625,0.736842105263158,0.363636363636364,0.364246398192887,0.85,0.836090794920718,64,"gini",30,NA,NA,NA,NA,NA,NA,NA
"RF","RF","RF","Fold04.Rep04",NA,NA,0.533333333333333,0.68421052631579,0.61764705882353,0.608771929824561,0.551724137931034,0.571428571428571,0.571428571428571,0.65,0.219081272084806,0.219477620875485,0.624561403508772,0.545066906245604,64,"gini",30,NA,NA,NA,NA,NA,NA,NA
"RF","RF","RF","Fold05.Rep04",NA,NA,0.466666666666667,0.473684210526316,0.470588235294118,0.470175438596491,0.4375,0.411764705882353,0.411764705882353,0.529411764705882,-0.0588235294117647,-0.0592348877759092,0.536842105263158,0.450433187635547,64,"gini",30,NA,NA,NA,NA,NA,NA,NA
"RF","RF","RF","Fold06.Rep04",NA,NA,0.533333333333333,0.789473684210526,0.676470588235294,0.66140350877193,0.592592592592593,0.666666666666667,0.666666666666667,0.681818181818182,0.329749103942652,0.335400290099185,0.691228070175438,0.588433450503597,64,"gini",30,NA,NA,NA,NA,NA,NA,NA
"RF","RF","RF","Fold07.Rep04",NA,NA,0.733333333333333,0.68421052631579,0.705882352941177,0.708771929824561,0.6875,0.647058823529412,0.647058823529412,0.764705882352941,0.411764705882353,0.414644214431365,0.687719298245614,0.577020448371537,64,"gini",30,NA,NA,NA,NA,NA,NA,NA
"RF","RF","RF","Fold08.Rep04",NA,NA,0.4,0.842105263157895,0.647058823529412,0.621052631578947,0.5,0.666666666666667,0.666666666666667,0.64,0.252747252747253,0.272480483769182,0.719298245614035,0.672258564643621,64,"gini",30,NA,NA,NA,NA,NA,NA,NA
"RF","RF","RF","Fold09.Rep04",NA,NA,0.466666666666667,0.578947368421053,0.529411764705882,0.52280701754386,0.466666666666667,0.466666666666667,0.466666666666667,0.578947368421053,0.0456140350877193,0.0456140350877193,0.540350877192982,0.430271287808742,64,"gini",30,NA,NA,NA,NA,NA,NA,NA
"RF","RF","RF","Fold10.Rep04",NA,NA,0.4,0.578947368421053,0.5,0.489473684210526,0.413793103448276,0.428571428571429,0.428571428571429,0.55,-0.0212014134275618,-0.0212397697621437,0.480701754385965,0.395840071280234,64,"gini",30,NA,NA,NA,NA,NA,NA,NA
"RF","RF","RF","Fold01.Rep05",NA,NA,0.533333333333333,0.631578947368421,0.588235294117647,0.582456140350877,0.533333333333333,0.533333333333333,0.533333333333333,0.631578947368421,0.164912280701754,0.164912280701754,0.56140350877193,0.457369282561473,64,"gini",30,NA,NA,NA,NA,NA,NA,NA
"RF","RF","RF","Fold02.Rep05",NA,NA,0.466666666666667,0.842105263157895,0.676470588235294,0.654385964912281,0.56,0.7,0.7,0.666666666666667,0.32,0.336476409676824,0.740350877192982,0.614965509554384,64,"gini",30,NA,NA,NA,NA,NA,NA,NA
"RF","RF","RF","Fold03.Rep05",NA,NA,0.333333333333333,0.75,0.571428571428571,0.541666666666667,0.4,0.5,0.5,0.6,0.0869565217391304,0.0912870929175277,0.566666666666667,0.459027834077817,64,"gini",30,NA,NA,NA,NA,NA,NA,NA
"RF","RF","RF","Fold04.Rep05",NA,NA,0.6,0.7,0.657142857142857,0.65,0.6,0.6,0.6,0.7,0.3,0.3,0.613333333333333,0.515461697217649,64,"gini",30,NA,NA,NA,NA,NA,NA,NA
"RF","RF","RF","Fold05.Rep05",NA,NA,0.466666666666667,0.842105263157895,0.676470588235294,0.654385964912281,0.56,0.7,0.7,0.666666666666667,0.32,0.336476409676824,0.708771929824561,0.566134333243154,64,"gini",30,NA,NA,NA,NA,NA,NA,NA
"RF","RF","RF","Fold06.Rep05",NA,NA,0.533333333333333,0.631578947368421,0.588235294117647,0.582456140350877,0.533333333333333,0.533333333333333,0.533333333333333,0.631578947368421,0.164912280701754,0.164912280701754,0.617543859649123,0.487584402802411,64,"gini",30,NA,NA,NA,NA,NA,NA,NA
"RF","RF","RF","Fold07.Rep05",NA,NA,0.6,0.526315789473684,0.558823529411765,0.563157894736842,0.545454545454545,0.5,0.5,0.625,0.123711340206186,0.125656172487509,0.575438596491228,0.514783356448299,64,"gini",30,NA,NA,NA,NA,NA,NA,NA
"RF","RF","RF","Fold08.Rep05",NA,NA,0.4,0.526315789473684,0.470588235294118,0.463157894736842,0.4,0.4,0.4,0.526315789473684,-0.0736842105263158,-0.0736842105263158,0.494736842105263,0.404484551561111,64,"gini",30,NA,NA,NA,NA,NA,NA,NA
"RF","RF","RF","Fold09.Rep05",NA,NA,0.6,0.473684210526316,0.529411764705882,0.536842105263158,0.529411764705882,0.473684210526316,0.473684210526316,0.6,0.0716723549488054,0.0736842105263158,0.533333333333333,0.46581300143719,64,"gini",30,NA,NA,NA,NA,NA,NA,NA
"RF","RF","RF","Fold10.Rep05",NA,NA,0.6,0.736842105263158,0.676470588235294,0.668421052631579,0.620689655172414,0.642857142857143,0.642857142857143,0.7,0.33922261484099,0.339836316194299,0.733333333333333,0.560824937589644,64,"gini",30,NA,NA,NA,NA,NA,NA,NA
"RF","RF","RF","Fold01.Rep06",NA,NA,0.6,0.68421052631579,0.647058823529412,0.642105263157895,0.6,0.6,0.6,0.68421052631579,0.28421052631579,0.28421052631579,0.796491228070175,0.755553567681378,64,"gini",30,NA,NA,NA,NA,NA,NA,NA
"RF","RF","RF","Fold02.Rep06",NA,NA,0.533333333333333,0.631578947368421,0.588235294117647,0.582456140350877,0.533333333333333,0.533333333333333,0.533333333333333,0.631578947368421,0.164912280701754,0.164912280701754,0.659649122807018,0.587617602292132,64,"gini",30,NA,NA,NA,NA,NA,NA,NA
"RF","RF","RF","Fold03.Rep06",NA,NA,0.533333333333333,0.65,0.6,0.591666666666667,0.533333333333333,0.533333333333333,0.533333333333333,0.65,0.183333333333333,0.183333333333333,0.623333333333334,0.493431203406068,64,"gini",30,NA,NA,NA,NA,NA,NA,NA
"RF","RF","RF","Fold04.Rep06",NA,NA,0.533333333333333,0.736842105263158,0.647058823529412,0.635087719298246,0.571428571428572,0.615384615384615,0.615384615384615,0.666666666666667,0.274021352313167,0.276049504319258,0.614035087719298,0.491682389345499,64,"gini",30,NA,NA,NA,NA,NA,NA,NA
"RF","RF","RF","Fold05.Rep06",NA,NA,0.333333333333333,0.8,0.6,0.566666666666667,0.416666666666667,0.555555555555556,0.555555555555556,0.615384615384615,0.140350877192982,0.150970271219279,0.666666666666667,0.506268912333688,64,"gini",30,NA,NA,NA,NA,NA,NA,NA
"RF","RF","RF","Fold06.Rep06",NA,NA,0.6,0.842105263157895,0.735294117647059,0.721052631578947,0.666666666666667,0.75,0.75,0.727272727272727,0.451612903225806,0.459352571222797,0.757894736842105,0.758292103495002,64,"gini",30,NA,NA,NA,NA,NA,NA,NA
"RF","RF","RF","Fold07.Rep06",NA,NA,0.4,0.789473684210526,0.61764705882353,0.594736842105263,0.48,0.6,0.6,0.625,0.196363636363636,0.206474160483506,0.670175438596491,0.528923327125306,64,"gini",30,NA,NA,NA,NA,NA,NA,NA
"RF","RF","RF","Fold08.Rep06",NA,NA,0.466666666666667,0.263157894736842,0.352941176470588,0.364912280701754,0.388888888888889,0.333333333333333,0.333333333333333,0.384615384615385,-0.259259259259259,-0.276049504319258,0.396491228070175,0.365698171348193,64,"gini",30,NA,NA,NA,NA,NA,NA,NA
"RF","RF","RF","Fold09.Rep06",NA,NA,0.733333333333333,0.368421052631579,0.529411764705882,0.550877192982456,0.578947368421053,0.478260869565217,0.478260869565217,0.636363636363636,0.0963455149501662,0.107997899133835,0.56140350877193,0.436863168396741,64,"gini",30,NA,NA,NA,NA,NA,NA,NA
"RF","RF","RF","Fold10.Rep06",NA,NA,0.533333333333333,0.68421052631579,0.61764705882353,0.608771929824561,0.551724137931034,0.571428571428571,0.571428571428571,0.65,0.219081272084806,0.219477620875485,0.642105263157895,0.501819596932004,64,"gini",30,NA,NA,NA,NA,NA,NA,NA
"RF","RF","RF","Fold01.Rep07",NA,NA,0.533333333333333,0.631578947368421,0.588235294117647,0.582456140350877,0.533333333333333,0.533333333333333,0.533333333333333,0.631578947368421,0.164912280701754,0.164912280701754,0.63859649122807,0.516044729483678,64,"gini",30,NA,NA,NA,NA,NA,NA,NA
"RF","RF","RF","Fold02.Rep07",NA,NA,0.533333333333333,0.736842105263158,0.647058823529412,0.635087719298246,0.571428571428572,0.615384615384615,0.615384615384615,0.666666666666667,0.274021352313167,0.276049504319258,0.733333333333333,0.578263643688936,64,"gini",30,NA,NA,NA,NA,NA,NA,NA
"RF","RF","RF","Fold03.Rep07",NA,NA,0.666666666666667,0.68421052631579,0.676470588235294,0.675438596491228,0.645161290322581,0.625,0.625,0.722222222222222,0.348432055749129,0.349044923576413,0.757894736842105,0.599050121132164,64,"gini",30,NA,NA,NA,NA,NA,NA,NA
"RF","RF","RF","Fold04.Rep07",NA,NA,0.666666666666667,0.526315789473684,0.588235294117647,0.596491228070175,0.588235294117647,0.526315789473684,0.526315789473684,0.666666666666667,0.187713310580205,0.192982456140351,0.67719298245614,0.553836080981199,64,"gini",30,NA,NA,NA,NA,NA,NA,NA
"RF","RF","RF","Fold05.Rep07",NA,NA,0.466666666666667,0.65,0.571428571428571,0.558333333333333,0.482758620689655,0.5,0.5,0.619047619047619,0.117647058823529,0.117851130197758,0.546666666666667,0.433971722980887,64,"gini",30,NA,NA,NA,NA,NA,NA,NA
"RF","RF","RF","Fold06.Rep07",NA,NA,0.533333333333333,0.578947368421053,0.558823529411765,0.556140350877193,0.516129032258065,0.5,0.5,0.611111111111111,0.111498257839721,0.111694375544452,0.6,0.461056615692231,64,"gini",30,NA,NA,NA,NA,NA,NA,NA
"RF","RF","RF","Fold07.Rep07",NA,NA,0.666666666666667,0.736842105263158,0.705882352941177,0.701754385964912,0.666666666666667,0.666666666666667,0.666666666666667,0.736842105263158,0.403508771929825,0.403508771929825,0.673684210526316,0.550937210218843,64,"gini",30,NA,NA,NA,NA,NA,NA,NA
"RF","RF","RF","Fold08.Rep07",NA,NA,0.4,0.68421052631579,0.558823529411765,0.542105263157895,0.444444444444444,0.5,0.5,0.590909090909091,0.086021505376344,0.0874957278519614,0.564912280701754,0.449291539525072,64,"gini",30,NA,NA,NA,NA,NA,NA,NA
"RF","RF","RF","Fold09.Rep07",NA,NA,0.533333333333333,0.894736842105263,0.735294117647059,0.714035087719298,0.64,0.8,0.8,0.708333333333333,0.443636363636364,0.466478658870142,0.782456140350877,0.6752729762896,64,"gini",30,NA,NA,NA,NA,NA,NA,NA
"RF","RF","RF","Fold10.Rep07",NA,NA,0.533333333333333,0.5,0.514285714285714,0.516666666666667,0.484848484848485,0.444444444444444,0.444444444444444,0.588235294117647,0.0325203252032521,0.0330049180992225,0.59,0.500142125775376,64,"gini",30,NA,NA,NA,NA,NA,NA,NA
"RF","RF","RF","Fold01.Rep08",NA,NA,0.6,0.526315789473684,0.558823529411765,0.563157894736842,0.545454545454545,0.5,0.5,0.625,0.123711340206186,0.125656172487509,0.607017543859649,0.498177382978983,64,"gini",30,NA,NA,NA,NA,NA,NA,NA
"RF","RF","RF","Fold02.Rep08",NA,NA,0.533333333333333,0.631578947368421,0.588235294117647,0.582456140350877,0.533333333333333,0.533333333333333,0.533333333333333,0.631578947368421,0.164912280701754,0.164912280701754,0.645614035087719,0.489146560675714,64,"gini",30,NA,NA,NA,NA,NA,NA,NA
"RF","RF","RF","Fold03.Rep08",NA,NA,0.466666666666667,0.55,0.514285714285714,0.508333333333333,0.451612903225806,0.4375,0.4375,0.578947368421053,0.0165289256198347,0.016556654463313,0.57,0.475752599761389,64,"gini",30,NA,NA,NA,NA,NA,NA,NA
"RF","RF","RF","Fold04.Rep08",NA,NA,0.533333333333333,0.7,0.628571428571429,0.616666666666667,0.551724137931034,0.571428571428571,0.571428571428571,0.666666666666667,0.235294117647059,0.235702260395516,0.713333333333334,0.636869594018717,64,"gini",30,NA,NA,NA,NA,NA,NA,NA
"RF","RF","RF","Fold05.Rep08",NA,NA,0.666666666666667,0.789473684210526,0.735294117647059,0.728070175438597,0.689655172413793,0.714285714285714,0.714285714285714,0.75,0.459363957597173,0.460195011513113,0.729824561403509,0.653431371428196,64,"gini",30,NA,NA,NA,NA,NA,NA,NA
"RF","RF","RF","Fold06.Rep08",NA,NA,0.333333333333333,0.578947368421053,0.470588235294118,0.456140350877193,0.357142857142857,0.384615384615385,0.384615384615385,0.523809523809524,-0.0889679715302489,-0.0896264624413174,0.578947368421053,0.451572915711406,64,"gini",30,NA,NA,NA,NA,NA,NA,NA
"RF","RF","RF","Fold07.Rep08",NA,NA,0.6,0.631578947368421,0.61764705882353,0.61578947368421,0.580645161290323,0.5625,0.5625,0.666666666666667,0.229965156794425,0.230369649560433,0.691228070175439,0.577485949827382,64,"gini",30,NA,NA,NA,NA,NA,NA,NA
"RF","RF","RF","Fold08.Rep08",NA,NA,0.266666666666667,0.842105263157895,0.588235294117647,0.554385964912281,0.363636363636364,0.571428571428571,0.571428571428571,0.592592592592593,0.115241635687732,0.133569826467855,0.663157894736842,0.620178378527741,64,"gini",30,NA,NA,NA,NA,NA,NA,NA
"RF","RF","RF","Fold09.Rep08",NA,NA,0.466666666666667,0.526315789473684,0.5,0.496491228070175,0.451612903225806,0.4375,0.4375,0.555555555555556,-0.00696864111498252,-0.00698089847152826,0.529824561403509,0.432164828730862,64,"gini",30,NA,NA,NA,NA,NA,NA,NA
"RF","RF","RF","Fold10.Rep08",NA,NA,0.4,0.894736842105263,0.676470588235294,0.647368421052632,0.521739130434783,0.75,0.75,0.653846153846154,0.309963099630996,0.345004840663101,0.673684210526316,0.558464737782482,64,"gini",30,NA,NA,NA,NA,NA,NA,NA
"RF","RF","RF","Fold01.Rep09",NA,NA,0.533333333333333,0.5,0.514285714285714,0.516666666666667,0.484848484848485,0.444444444444444,0.444444444444444,0.588235294117647,0.0325203252032521,0.0330049180992225,0.583333333333333,0.495984861444691,64,"gini",30,NA,NA,NA,NA,NA,NA,NA
"RF","RF","RF","Fold02.Rep09",NA,NA,0.533333333333333,0.526315789473684,0.529411764705882,0.529824561403509,0.5,0.470588235294118,0.470588235294118,0.588235294117647,0.0588235294117647,0.0592348877759092,0.494736842105263,0.404647356080934,64,"gini",30,NA,NA,NA,NA,NA,NA,NA
"RF","RF","RF","Fold03.Rep09",NA,NA,0.8,0.75,0.771428571428571,0.775,0.75,0.705882352941177,0.705882352941177,0.833333333333333,0.540983606557377,0.544581148637171,0.736666666666667,0.602532740811138,64,"gini",30,NA,NA,NA,NA,NA,NA,NA
"RF","RF","RF","Fold04.Rep09",NA,NA,0.533333333333333,0.68421052631579,0.61764705882353,0.608771929824561,0.551724137931034,0.571428571428571,0.571428571428571,0.65,0.219081272084806,0.219477620875485,0.71578947368421,0.642451625269333,64,"gini",30,NA,NA,NA,NA,NA,NA,NA
"RF","RF","RF","Fold05.Rep09",NA,NA,0.6,0.68421052631579,0.647058823529412,0.642105263157895,0.6,0.6,0.6,0.68421052631579,0.28421052631579,0.28421052631579,0.750877192982456,0.674588203219782,64,"gini",30,NA,NA,NA,NA,NA,NA,NA
"RF","RF","RF","Fold06.Rep09",NA,NA,0.4,0.789473684210526,0.61764705882353,0.594736842105263,0.48,0.6,0.6,0.625,0.196363636363636,0.206474160483506,0.652631578947368,0.511227983969436,64,"gini",30,NA,NA,NA,NA,NA,NA,NA
"RF","RF","RF","Fold07.Rep09",NA,NA,0.466666666666667,0.68421052631579,0.588235294117647,0.575438596491228,0.5,0.538461538461538,0.538461538461538,0.619047619047619,0.153024911032029,0.154157515399066,0.656140350877193,0.578936787534735,64,"gini",30,NA,NA,NA,NA,NA,NA,NA
"RF","RF","RF","Fold08.Rep09",NA,NA,0.666666666666667,0.631578947368421,0.647058823529412,0.649122807017544,0.625,0.588235294117647,0.588235294117647,0.705882352941176,0.294117647058823,0.296174438879546,0.67719298245614,0.600137648203739,64,"gini",30,NA,NA,NA,NA,NA,NA,NA
"RF","RF","RF","Fold09.Rep09",NA,NA,0.4,0.631578947368421,0.529411764705882,0.515789473684211,0.428571428571429,0.461538461538462,0.461538461538462,0.571428571428571,0.0320284697508898,0.0322655264788743,0.63859649122807,0.498970101278151,64,"gini",30,NA,NA,NA,NA,NA,NA,NA
"RF","RF","RF","Fold10.Rep09",NA,NA,0.533333333333333,0.68421052631579,0.61764705882353,0.608771929824561,0.551724137931034,0.571428571428571,0.571428571428571,0.65,0.219081272084806,0.219477620875485,0.712280701754386,0.655632346119784,64,"gini",30,NA,NA,NA,NA,NA,NA,NA
"RF","RF","RF","Fold01.Rep10",NA,NA,0.666666666666667,0.6,0.628571428571429,0.633333333333333,0.606060606060606,0.555555555555556,0.555555555555556,0.705882352941176,0.260162601626016,0.26403934479378,0.656666666666667,0.520224821323184,64,"gini",30,NA,NA,NA,NA,NA,NA,NA
"RF","RF","RF","Fold02.Rep10",NA,NA,0.333333333333333,0.736842105263158,0.558823529411765,0.535087719298246,0.4,0.5,0.5,0.583333333333333,0.0727272727272726,0.0764719112901873,0.663157894736842,0.521129384276105,64,"gini",30,NA,NA,NA,NA,NA,NA,NA
"RF","RF","RF","Fold03.Rep10",NA,NA,0.266666666666667,0.526315789473684,0.411764705882353,0.396491228070175,0.285714285714286,0.307692307692308,0.307692307692308,0.476190476190476,-0.209964412811388,-0.211518451361509,0.470175438596491,0.395878956889749,64,"gini",30,NA,NA,NA,NA,NA,NA,NA
"RF","RF","RF","Fold04.Rep10",NA,NA,0.333333333333333,0.68421052631579,0.529411764705882,0.508771929824561,0.384615384615385,0.454545454545455,0.454545454545455,0.565217391304348,0.0180505415162454,0.0186203274368681,0.568421052631579,0.472770839479144,64,"gini",30,NA,NA,NA,NA,NA,NA,NA
"RF","RF","RF","Fold05.Rep10",NA,NA,0.4,0.736842105263158,0.588235294117647,0.568421052631579,0.461538461538462,0.545454545454545,0.545454545454545,0.608695652173913,0.140794223826715,0.145238554007571,0.691228070175438,0.527645697882878,64,"gini",30,NA,NA,NA,NA,NA,NA,NA
"RF","RF","RF","Fold06.Rep10",NA,NA,0.466666666666667,0.68421052631579,0.588235294117647,0.575438596491228,0.5,0.538461538461538,0.538461538461538,0.619047619047619,0.153024911032029,0.154157515399066,0.656140350877193,0.652232984209753,64,"gini",30,NA,NA,NA,NA,NA,NA,NA
"RF","RF","RF","Fold07.Rep10",NA,NA,0.333333333333333,0.578947368421053,0.470588235294118,0.456140350877193,0.357142857142857,0.384615384615385,0.384615384615385,0.523809523809524,-0.0889679715302489,-0.0896264624413174,0.540350877192983,0.447027330439764,64,"gini",30,NA,NA,NA,NA,NA,NA,NA
"RF","RF","RF","Fold08.Rep10",NA,NA,0.733333333333333,0.6,0.657142857142857,0.666666666666667,0.647058823529412,0.578947368421053,0.578947368421053,0.75,0.32258064516129,0.331133089266261,0.706666666666667,0.549463512075337,64,"gini",30,NA,NA,NA,NA,NA,NA,NA
"RF","RF","RF","Fold09.Rep10",NA,NA,0.8,0.736842105263158,0.764705882352941,0.768421052631579,0.75,0.705882352941177,0.705882352941177,0.823529411764706,0.529411764705882,0.533113989983183,0.75438596491228,0.617972355160548,64,"gini",30,NA,NA,NA,NA,NA,NA,NA
"RF","RF","RF","Fold10.Rep10",NA,NA,0.6,0.578947368421053,0.588235294117647,0.589473684210526,0.5625,0.529411764705882,0.529411764705882,0.647058823529412,0.176470588235294,0.177704663327728,0.543859649122807,0.420369141405344,64,"gini",30,NA,NA,NA,NA,NA,NA,NA
"XGB","XGB","XGB","Fold01.Rep01",NA,NA,0.466666666666667,0.85,0.685714285714286,0.658333333333333,0.56,0.7,0.7,0.68,0.330434782608696,0.346890953086605,0.705,0.545842746073766,NA,NA,NA,0.01,3,5,0.9,3,0.8,50
"XGB","XGB","XGB","Fold02.Rep01",NA,NA,0.666666666666667,0.789473684210526,0.735294117647059,0.728070175438597,0.689655172413793,0.714285714285714,0.714285714285714,0.75,0.459363957597173,0.460195011513113,0.759649122807017,0.789099955536869,NA,NA,NA,0.01,3,5,0.9,3,0.8,50
"XGB","XGB","XGB","Fold03.Rep01",NA,NA,0.4,0.68421052631579,0.558823529411765,0.542105263157895,0.444444444444444,0.5,0.5,0.590909090909091,0.086021505376344,0.0874957278519614,0.656140350877193,0.483849853775147,NA,NA,NA,0.01,3,5,0.9,3,0.8,50
"XGB","XGB","XGB","Fold04.Rep01",NA,NA,0.6,0.789473684210526,0.705882352941177,0.694736842105263,0.642857142857143,0.692307692307692,0.692307692307692,0.714285714285714,0.395017793594306,0.397941493239449,0.763157894736842,0.815234625506562,NA,NA,NA,0.01,3,5,0.9,3,0.8,50
"XGB","XGB","XGB","Fold05.Rep01",NA,NA,0.266666666666667,0.736842105263158,0.529411764705882,0.501754385964912,0.333333333333333,0.444444444444444,0.444444444444444,0.56,0.00366300366300365,0.00394899251839395,0.587719298245614,0.459819205934531,NA,NA,NA,0.01,3,5,0.9,3,0.8,50
"XGB","XGB","XGB","Fold06.Rep01",NA,NA,0.266666666666667,0.842105263157895,0.588235294117647,0.554385964912281,0.363636363636364,0.571428571428571,0.571428571428571,0.592592592592593,0.115241635687732,0.133569826467855,0.731578947368421,0.5846188207504,NA,NA,NA,0.01,3,5,0.9,3,0.8,50
"XGB","XGB","XGB","Fold07.Rep01",NA,NA,0.333333333333333,0.789473684210526,0.588235294117647,0.56140350877193,0.416666666666667,0.555555555555556,0.555555555555556,0.6,0.128205128205128,0.138214738143788,0.678947368421053,0.608543105888536,NA,NA,NA,0.01,3,5,0.9,3,0.8,50
"XGB","XGB","XGB","Fold08.Rep01",NA,NA,0.6,0.7,0.657142857142857,0.65,0.6,0.6,0.6,0.7,0.3,0.3,0.616666666666667,0.479454307629643,NA,NA,NA,0.01,3,5,0.9,3,0.8,50
"XGB","XGB","XGB","Fold09.Rep01",NA,NA,0.266666666666667,0.789473684210526,0.558823529411765,0.528070175438596,0.347826086956522,0.5,0.5,0.576923076923077,0.059040590405904,0.0657152077453526,0.729824561403508,0.631438875786141,NA,NA,NA,0.01,3,5,0.9,3,0.8,50
"XGB","XGB","XGB","Fold10.Rep01",NA,NA,0.666666666666667,0.736842105263158,0.705882352941177,0.701754385964912,0.666666666666667,0.666666666666667,0.666666666666667,0.736842105263158,0.403508771929825,0.403508771929825,0.766666666666667,0.638808235624025,NA,NA,NA,0.01,3,5,0.9,3,0.8,50
"XGB","XGB","XGB","Fold01.Rep02",NA,NA,0.466666666666667,0.736842105263158,0.61764705882353,0.601754385964912,0.518518518518519,0.583333333333333,0.583333333333333,0.636363636363636,0.207885304659498,0.211448008975573,0.666666666666667,0.672683325850933,NA,NA,NA,0.01,3,5,0.9,3,0.8,50
"XGB","XGB","XGB","Fold02.Rep02",NA,NA,0.533333333333333,0.8,0.685714285714286,0.666666666666667,0.592592592592593,0.666666666666667,0.666666666666667,0.695652173913043,0.341880341880342,0.347524023428458,0.751666666666667,0.616479947165302,NA,NA,NA,0.01,3,5,0.9,3,0.8,50
"XGB","XGB","XGB","Fold03.Rep02",NA,NA,0.266666666666667,0.842105263157895,0.588235294117647,0.554385964912281,0.363636363636364,0.571428571428571,0.571428571428571,0.592592592592593,0.115241635687732,0.133569826467855,0.626315789473684,0.518722030929192,NA,NA,NA,0.01,3,5,0.9,3,0.8,50
"XGB","XGB","XGB","Fold04.Rep02",NA,NA,0.6,0.894736842105263,0.764705882352941,0.747368421052632,0.692307692307692,0.818181818181818,0.818181818181818,0.739130434782609,0.509025270758123,0.52509323371968,0.898245614035088,0.889559117465296,NA,NA,NA,0.01,3,5,0.9,3,0.8,50
"XGB","XGB","XGB","Fold05.Rep02",NA,NA,0.2,0.736842105263158,0.5,0.468421052631579,0.260869565217391,0.375,0.375,0.538461538461538,-0.066420664206642,-0.0739296087135216,0.621052631578948,0.486603291824396,NA,NA,NA,0.01,3,5,0.9,3,0.8,50
"XGB","XGB","XGB","Fold06.Rep02",NA,NA,0.4,0.55,0.485714285714286,0.475,0.4,0.4,0.4,0.55,-0.05,-0.05,0.471666666666667,0.45316780204628,NA,NA,NA,0.01,3,5,0.9,3,0.8,50
"XGB","XGB","XGB","Fold07.Rep02",NA,NA,0.533333333333333,0.578947368421053,0.558823529411765,0.556140350877193,0.516129032258065,0.5,0.5,0.611111111111111,0.111498257839721,0.111694375544452,0.605263157894737,0.613975427109172,NA,NA,NA,0.01,3,5,0.9,3,0.8,50
"XGB","XGB","XGB","Fold08.Rep02",NA,NA,0.2,0.789473684210526,0.529411764705882,0.494736842105263,0.272727272727273,0.428571428571429,0.428571428571429,0.555555555555556,-0.0111524163568772,-0.0129261122388247,0.708771929824561,0.597660390005591,NA,NA,NA,0.01,3,5,0.9,3,0.8,50
"XGB","XGB","XGB","Fold09.Rep02",NA,NA,0.733333333333333,0.736842105263158,0.735294117647059,0.735087719298246,0.709677419354839,0.6875,0.6875,0.777777777777778,0.466898954703833,0.467720197592393,0.843859649122807,0.668541631656957,NA,NA,NA,0.01,3,5,0.9,3,0.8,50
"XGB","XGB","XGB","Fold10.Rep02",NA,NA,0.533333333333333,0.842105263157895,0.705882352941177,0.687719298245614,0.615384615384615,0.727272727272727,0.727272727272727,0.695652173913043,0.386281588447653,0.398475007148977,0.729824561403508,0.710431479552772,NA,NA,NA,0.01,3,5,0.9,3,0.8,50
"XGB","XGB","XGB","Fold01.Rep03",NA,NA,0.533333333333333,0.526315789473684,0.529411764705882,0.529824561403509,0.5,0.470588235294118,0.470588235294118,0.588235294117647,0.0588235294117647,0.0592348877759092,0.631578947368421,0.484854125967892,NA,NA,NA,0.01,3,5,0.9,3,0.8,50
"XGB","XGB","XGB","Fold02.Rep03",NA,NA,0.666666666666667,0.631578947368421,0.647058823529412,0.649122807017544,0.625,0.588235294117647,0.588235294117647,0.705882352941176,0.294117647058823,0.296174438879546,0.756140350877193,0.748304064791652,NA,NA,NA,0.01,3,5,0.9,3,0.8,50
"XGB","XGB","XGB","Fold03.Rep03",NA,NA,0.466666666666667,0.789473684210526,0.647058823529412,0.628070175438596,0.538461538461539,0.636363636363636,0.636363636363636,0.652173913043478,0.263537906137184,0.271856780578274,0.736842105263158,0.663881411202295,NA,NA,NA,0.01,3,5,0.9,3,0.8,50
"XGB","XGB","XGB","Fold04.Rep03",NA,NA,0.466666666666667,0.75,0.628571428571429,0.608333333333333,0.518518518518519,0.583333333333333,0.583333333333333,0.652173913043478,0.222222222222222,0.225890615228498,0.72,0.541782016652726,NA,NA,NA,0.01,3,5,0.9,3,0.8,50
"XGB","XGB","XGB","Fold05.Rep03",NA,NA,0.666666666666667,0.789473684210526,0.735294117647059,0.728070175438597,0.689655172413793,0.714285714285714,0.714285714285714,0.75,0.459363957597173,0.460195011513113,0.705263157894737,0.645091449153095,NA,NA,NA,0.01,3,5,0.9,3,0.8,50
"XGB","XGB","XGB","Fold06.Rep03",NA,NA,0.466666666666667,0.894736842105263,0.705882352941177,0.680701754385965,0.583333333333333,0.777777777777778,0.777777777777778,0.68,0.377289377289377,0.406746229394577,0.829824561403509,0.714914101779427,NA,NA,NA,0.01,3,5,0.9,3,0.8,50
"XGB","XGB","XGB","Fold07.Rep03",NA,NA,0.466666666666667,0.736842105263158,0.61764705882353,0.601754385964912,0.518518518518519,0.583333333333333,0.583333333333333,0.636363636363636,0.207885304659498,0.211448008975573,0.631578947368421,0.602949493955058,NA,NA,NA,0.01,3,5,0.9,3,0.8,50
"XGB","XGB","XGB","Fold08.Rep03",NA,NA,0.333333333333333,0.526315789473684,0.441176470588235,0.429824561403509,0.344827586206897,0.357142857142857,0.357142857142857,0.5,-0.141342756183745,-0.141598465080958,0.473684210526316,0.446279946772341,NA,NA,NA,0.01,3,5,0.9,3,0.8,50
"XGB","XGB","XGB","Fold09.Rep03",NA,NA,0.4,0.8,0.628571428571429,0.6,0.48,0.6,0.6,0.64,0.208695652173913,0.219089023002066,0.79,0.656511400117808,NA,NA,NA,0.01,3,5,0.9,3,0.8,50
"XGB","XGB","XGB","Fold10.Rep03",NA,NA,0.266666666666667,0.842105263157895,0.588235294117647,0.554385964912281,0.363636363636364,0.571428571428571,0.571428571428571,0.592592592592593,0.115241635687732,0.133569826467855,0.757894736842105,0.68765377939291,NA,NA,NA,0.01,3,5,0.9,3,0.8,50
"XGB","XGB","XGB","Fold01.Rep04",NA,NA,0.4,0.85,0.657142857142857,0.625,0.5,0.666666666666667,0.666666666666667,0.653846153846154,0.263157894736842,0.283069258536149,0.74,0.559968639909917,NA,NA,NA,0.01,3,5,0.9,3,0.8,50
"XGB","XGB","XGB","Fold02.Rep04",NA,NA,0.533333333333333,0.68421052631579,0.61764705882353,0.608771929824561,0.551724137931034,0.571428571428571,0.571428571428571,0.65,0.219081272084806,0.219477620875485,0.654385964912281,0.586741525038561,NA,NA,NA,0.01,3,5,0.9,3,0.8,50
"XGB","XGB","XGB","Fold03.Rep04",NA,NA,0.666666666666667,0.8,0.742857142857143,0.733333333333333,0.689655172413793,0.714285714285714,0.714285714285714,0.761904761904762,0.470588235294118,0.471404520791032,0.818333333333333,0.76078626285148,NA,NA,NA,0.01,3,5,0.9,3,0.8,50
"XGB","XGB","XGB","Fold04.Rep04",NA,NA,0.466666666666667,0.789473684210526,0.647058823529412,0.628070175438596,0.538461538461539,0.636363636363636,0.636363636363636,0.652173913043478,0.263537906137184,0.271856780578274,0.736842105263158,0.635956459118224,NA,NA,NA,0.01,3,5,0.9,3,0.8,50
"XGB","XGB","XGB","Fold05.Rep04",NA,NA,0.4,0.631578947368421,0.529411764705882,0.515789473684211,0.428571428571429,0.461538461538462,0.461538461538462,0.571428571428571,0.0320284697508898,0.0322655264788743,0.56140350877193,0.522291397558073,NA,NA,NA,0.01,3,5,0.9,3,0.8,50
"XGB","XGB","XGB","Fold06.Rep04",NA,NA,0.333333333333333,0.842105263157895,0.61764705882353,0.587719298245614,0.434782608695652,0.625,0.625,0.615384615384615,0.18450184501845,0.205360024204227,0.72280701754386,0.674592325208714,NA,NA,NA,0.01,3,5,0.9,3,0.8,50
"XGB","XGB","XGB","Fold07.Rep04",NA,NA,0.666666666666667,0.789473684210526,0.735294117647059,0.728070175438597,0.689655172413793,0.714285714285714,0.714285714285714,0.75,0.459363957597173,0.460195011513113,0.775438596491228,0.652944258470574,NA,NA,NA,0.01,3,5,0.9,3,0.8,50
"XGB","XGB","XGB","Fold08.Rep04",NA,NA,0.533333333333333,0.842105263157895,0.705882352941177,0.687719298245614,0.615384615384615,0.727272727272727,0.727272727272727,0.695652173913043,0.386281588447653,0.398475007148977,0.789473684210526,0.657069589499257,NA,NA,NA,0.01,3,5,0.9,3,0.8,50
"XGB","XGB","XGB","Fold09.Rep04",NA,NA,0.466666666666667,0.736842105263158,0.61764705882353,0.601754385964912,0.518518518518519,0.583333333333333,0.583333333333333,0.636363636363636,0.207885304659498,0.211448008975573,0.566666666666667,0.447603174919488,NA,NA,NA,0.01,3,5,0.9,3,0.8,50
"XGB","XGB","XGB","Fold10.Rep04",NA,NA,0.2,0.68421052631579,0.470588235294118,0.442105263157895,0.25,0.333333333333333,0.333333333333333,0.52,-0.120879120879121,-0.130316753107,0.519298245614035,0.420851205036422,NA,NA,NA,0.01,3,5,0.9,3,0.8,50
"XGB","XGB","XGB","Fold01.Rep05",NA,NA,0.733333333333333,0.578947368421053,0.647058823529412,0.656140350877193,0.647058823529412,0.578947368421053,0.578947368421053,0.733333333333333,0.303754266211604,0.312280701754386,0.703508771929824,0.556384489260633,NA,NA,NA,0.01,3,5,0.9,3,0.8,50
"XGB","XGB","XGB","Fold02.Rep05",NA,NA,0.266666666666667,0.894736842105263,0.61764705882353,0.580701754385965,0.380952380952381,0.666666666666667,0.666666666666667,0.607142857142857,0.172284644194757,0.210223257224381,0.745614035087719,0.614002553289339,NA,NA,NA,0.01,3,5,0.9,3,0.8,50
"XGB","XGB","XGB","Fold03.Rep05",NA,NA,0.2,0.8,0.542857142857143,0.5,0.272727272727273,0.428571428571429,0.428571428571429,0.571428571428571,0,0,0.601666666666667,0.453395367631559,NA,NA,NA,0.01,3,5,0.9,3,0.8,50
"XGB","XGB","XGB","Fold04.Rep05",NA,NA,0.333333333333333,0.85,0.628571428571429,0.591666666666667,0.434782608695652,0.625,0.625,0.62962962962963,0.194690265486726,0.216060405362556,0.683333333333333,0.591573376032062,NA,NA,NA,0.01,3,5,0.9,3,0.8,50
"XGB","XGB","XGB","Fold05.Rep05",NA,NA,0.4,0.842105263157895,0.647058823529412,0.621052631578947,0.5,0.666666666666667,0.666666666666667,0.64,0.252747252747253,0.272480483769182,0.736842105263158,0.635527633408619,NA,NA,NA,0.01,3,5,0.9,3,0.8,50
"XGB","XGB","XGB","Fold06.Rep05",NA,NA,0.733333333333333,0.68421052631579,0.705882352941177,0.708771929824561,0.6875,0.647058823529412,0.647058823529412,0.764705882352941,0.411764705882353,0.414644214431365,0.752631578947368,0.6682174182061,NA,NA,NA,0.01,3,5,0.9,3,0.8,50
"XGB","XGB","XGB","Fold07.Rep05",NA,NA,0.466666666666667,0.578947368421053,0.529411764705882,0.52280701754386,0.466666666666667,0.466666666666667,0.466666666666667,0.578947368421053,0.0456140350877193,0.0456140350877193,0.585964912280702,0.478734722278682,NA,NA,NA,0.01,3,5,0.9,3,0.8,50
"XGB","XGB","XGB","Fold08.Rep05",NA,NA,0.6,0.789473684210526,0.705882352941177,0.694736842105263,0.642857142857143,0.692307692307692,0.692307692307692,0.714285714285714,0.395017793594306,0.397941493239449,0.770175438596491,0.711106865060942,NA,NA,NA,0.01,3,5,0.9,3,0.8,50
"XGB","XGB","XGB","Fold09.Rep05",NA,NA,0.466666666666667,0.631578947368421,0.558823529411765,0.549122807017544,0.482758620689655,0.5,0.5,0.6,0.098939929328622,0.0991189255566704,0.643859649122807,0.596857125051902,NA,NA,NA,0.01,3,5,0.9,3,0.8,50
"XGB","XGB","XGB","Fold10.Rep05",NA,NA,0.266666666666667,0.789473684210526,0.558823529411765,0.528070175438596,0.347826086956522,0.5,0.5,0.576923076923077,0.059040590405904,0.0657152077453526,0.710526315789474,0.597065671690365,NA,NA,NA,0.01,3,5,0.9,3,0.8,50
"XGB","XGB","XGB","Fold01.Rep06",NA,NA,0.466666666666667,0.894736842105263,0.705882352941177,0.680701754385965,0.583333333333333,0.777777777777778,0.777777777777778,0.68,0.377289377289377,0.406746229394577,0.792982456140351,0.71253175466293,NA,NA,NA,0.01,3,5,0.9,3,0.8,50
"XGB","XGB","XGB","Fold02.Rep06",NA,NA,0.4,0.842105263157895,0.647058823529412,0.621052631578947,0.5,0.666666666666667,0.666666666666667,0.64,0.252747252747253,0.272480483769182,0.654385964912281,0.605373725051813,NA,NA,NA,0.01,3,5,0.9,3,0.8,50
"XGB","XGB","XGB","Fold03.Rep06",NA,NA,0.533333333333333,0.55,0.542857142857143,0.541666666666667,0.5,0.470588235294118,0.470588235294118,0.611111111111111,0.081967213114754,0.0825122952480562,0.646666666666667,0.492905343782715,NA,NA,NA,0.01,3,5,0.9,3,0.8,50
"XGB","XGB","XGB","Fold04.Rep06",NA,NA,0.6,0.789473684210526,0.705882352941177,0.694736842105263,0.642857142857143,0.692307692307692,0.692307692307692,0.714285714285714,0.395017793594306,0.397941493239449,0.754385964912281,0.750122152168188,NA,NA,NA,0.01,3,5,0.9,3,0.8,50
"XGB","XGB","XGB","Fold05.Rep06",NA,NA,0.133333333333333,0.9,0.571428571428571,0.516666666666667,0.210526315789474,0.5,0.5,0.580645161290323,0.0366972477064221,0.0518475847365213,0.693333333333333,0.583367316780742,NA,NA,NA,0.01,3,5,0.9,3,0.8,50
"XGB","XGB","XGB","Fold06.Rep06",NA,NA,0.466666666666667,0.947368421052632,0.735294117647059,0.707017543859649,0.608695652173913,0.875,0.875,0.692307692307692,0.435424354243542,0.484649657121975,0.842105263157895,0.835625451665005,NA,NA,NA,0.01,3,5,0.9,3,0.8,50
"XGB","XGB","XGB","Fold07.Rep06",NA,NA,0.4,0.736842105263158,0.588235294117647,0.568421052631579,0.461538461538462,0.545454545454545,0.545454545454545,0.608695652173913,0.140794223826715,0.145238554007571,0.685964912280702,0.544987774516108,NA,NA,NA,0.01,3,5,0.9,3,0.8,50
"XGB","XGB","XGB","Fold08.Rep06",NA,NA,0.466666666666667,0.421052631578947,0.441176470588235,0.443859649122807,0.424242424242424,0.388888888888889,0.388888888888889,0.5,-0.109965635738832,-0.111694375544452,0.431578947368421,0.394646960995628,NA,NA,NA,0.01,3,5,0.9,3,0.8,50
"XGB","XGB","XGB","Fold09.Rep06",NA,NA,0.666666666666667,0.578947368421053,0.61764705882353,0.62280701754386,0.606060606060606,0.555555555555556,0.555555555555556,0.6875,0.240549828178694,0.244331446503489,0.601754385964912,0.448485787707353,NA,NA,NA,0.01,3,5,0.9,3,0.8,50
"XGB","XGB","XGB","Fold10.Rep06",NA,NA,0.466666666666667,0.68421052631579,0.588235294117647,0.575438596491228,0.5,0.538461538461538,0.538461538461538,0.619047619047619,0.153024911032029,0.154157515399066,0.63859649122807,0.554324473048828,NA,NA,NA,0.01,3,5,0.9,3,0.8,50
"XGB","XGB","XGB","Fold01.Rep07",NA,NA,0.466666666666667,0.631578947368421,0.558823529411765,0.549122807017544,0.482758620689655,0.5,0.5,0.6,0.098939929328622,0.0991189255566704,0.687719298245614,0.572388844557575,NA,NA,NA,0.01,3,5,0.9,3,0.8,50
"XGB","XGB","XGB","Fold02.Rep07",NA,NA,0.533333333333333,0.736842105263158,0.647058823529412,0.635087719298246,0.571428571428572,0.615384615384615,0.615384615384615,0.666666666666667,0.274021352313167,0.276049504319258,0.775438596491228,0.743863854764211,NA,NA,NA,0.01,3,5,0.9,3,0.8,50
"XGB","XGB","XGB","Fold03.Rep07",NA,NA,0.6,0.789473684210526,0.705882352941177,0.694736842105263,0.642857142857143,0.692307692307692,0.692307692307692,0.714285714285714,0.395017793594306,0.397941493239449,0.791228070175439,0.679623582769464,NA,NA,NA,0.01,3,5,0.9,3,0.8,50
"XGB","XGB","XGB","Fold04.Rep07",NA,NA,0.666666666666667,0.68421052631579,0.676470588235294,0.675438596491228,0.645161290322581,0.625,0.625,0.722222222222222,0.348432055749129,0.349044923576413,0.703508771929825,0.629996242311886,NA,NA,NA,0.01,3,5,0.9,3,0.8,50
"XGB","XGB","XGB","Fold05.Rep07",NA,NA,0.266666666666667,0.75,0.542857142857143,0.508333333333333,0.333333333333333,0.444444444444444,0.444444444444444,0.576923076923077,0.0175438596491228,0.0188712839024099,0.596666666666667,0.488091190769579,NA,NA,NA,0.01,3,5,0.9,3,0.8,50
"XGB","XGB","XGB","Fold06.Rep07",NA,NA,0.266666666666667,0.631578947368421,0.470588235294118,0.449122807017544,0.307692307692308,0.363636363636364,0.363636363636364,0.521739130434782,-0.104693140794224,-0.107997899133835,0.608771929824561,0.460750598211044,NA,NA,NA,0.01,3,5,0.9,3,0.8,50
"XGB","XGB","XGB","Fold07.Rep07",NA,NA,0.466666666666667,0.789473684210526,0.647058823529412,0.628070175438596,0.538461538461539,0.636363636363636,0.636363636363636,0.652173913043478,0.263537906137184,0.271856780578274,0.750877192982456,0.776756485258807,NA,NA,NA,0.01,3,5,0.9,3,0.8,50
"XGB","XGB","XGB","Fold08.Rep07",NA,NA,0.4,0.842105263157895,0.647058823529412,0.621052631578947,0.5,0.666666666666667,0.666666666666667,0.64,0.252747252747253,0.272480483769182,0.636842105263158,0.567479716268256,NA,NA,NA,0.01,3,5,0.9,3,0.8,50
"XGB","XGB","XGB","Fold09.Rep07",NA,NA,0.2,0.947368421052632,0.61764705882353,0.573684210526316,0.315789473684211,0.75,0.75,0.6,0.159695817490494,0.227109989583068,0.703508771929825,0.650372264146135,NA,NA,NA,0.01,3,5,0.9,3,0.8,50
"XGB","XGB","XGB","Fold10.Rep07",NA,NA,0.533333333333333,0.6,0.571428571428571,0.566666666666667,0.516129032258065,0.5,0.5,0.631578947368421,0.132231404958678,0.132453235706504,0.638333333333333,0.506925323350716,NA,NA,NA,0.01,3,5,0.9,3,0.8,50
"XGB","XGB","XGB","Fold01.Rep08",NA,NA,0.533333333333333,0.578947368421053,0.558823529411765,0.556140350877193,0.516129032258065,0.5,0.5,0.611111111111111,0.111498257839721,0.111694375544452,0.619298245614035,0.479908516532568,NA,NA,NA,0.01,3,5,0.9,3,0.8,50
"XGB","XGB","XGB","Fold02.Rep08",NA,NA,0.466666666666667,0.736842105263158,0.61764705882353,0.601754385964912,0.518518518518519,0.583333333333333,0.583333333333333,0.636363636363636,0.207885304659498,0.211448008975573,0.666666666666667,0.508381246874651,NA,NA,NA,0.01,3,5,0.9,3,0.8,50
"XGB","XGB","XGB","Fold03.Rep08",NA,NA,0.4,0.75,0.6,0.575,0.461538461538462,0.545454545454545,0.545454545454546,0.625,0.155172413793104,0.159900537266708,0.646666666666667,0.500307448751716,NA,NA,NA,0.01,3,5,0.9,3,0.8,50
"XGB","XGB","XGB","Fold04.Rep08",NA,NA,0.466666666666667,0.75,0.628571428571429,0.608333333333333,0.518518518518519,0.583333333333333,0.583333333333333,0.652173913043478,0.222222222222222,0.225890615228498,0.78,0.765599937147252,NA,NA,NA,0.01,3,5,0.9,3,0.8,50
"XGB","XGB","XGB","Fold05.Rep08",NA,NA,0.666666666666667,0.894736842105263,0.794117647058823,0.780701754385965,0.740740740740741,0.833333333333333,0.833333333333333,0.772727272727273,0.57347670250896,0.58330485234641,0.728070175438597,0.786224563023618,NA,NA,NA,0.01,3,5,0.9,3,0.8,50
"XGB","XGB","XGB","Fold06.Rep08",NA,NA,0.533333333333333,0.842105263157895,0.705882352941177,0.687719298245614,0.615384615384615,0.727272727272727,0.727272727272727,0.695652173913043,0.386281588447653,0.398475007148977,0.743859649122807,0.631711928594282,NA,NA,NA,0.01,3,5,0.9,3,0.8,50
"XGB","XGB","XGB","Fold07.Rep08",NA,NA,0.466666666666667,0.894736842105263,0.705882352941177,0.680701754385965,0.583333333333333,0.777777777777778,0.777777777777778,0.68,0.377289377289377,0.406746229394577,0.794736842105263,0.765194840362023,NA,NA,NA,0.01,3,5,0.9,3,0.8,50
"XGB","XGB","XGB","Fold08.Rep08",NA,NA,0.266666666666667,0.789473684210526,0.558823529411765,0.528070175438596,0.347826086956522,0.5,0.5,0.576923076923077,0.059040590405904,0.0657152077453526,0.691228070175439,0.655249650729461,NA,NA,NA,0.01,3,5,0.9,3,0.8,50
"XGB","XGB","XGB","Fold09.Rep08",NA,NA,0.333333333333333,0.68421052631579,0.529411764705882,0.508771929824561,0.384615384615385,0.454545454545455,0.454545454545455,0.565217391304348,0.0180505415162454,0.0186203274368681,0.547368421052632,0.434315424488316,NA,NA,NA,0.01,3,5,0.9,3,0.8,50
"XGB","XGB","XGB","Fold10.Rep08",NA,NA,0.133333333333333,0.947368421052632,0.588235294117647,0.540350877192982,0.222222222222222,0.666666666666667,0.666666666666666,0.580645161290323,0.0881226053639846,0.14127454971271,0.742105263157895,0.631598001260426,NA,NA,NA,0.01,3,5,0.9,3,0.8,50
"XGB","XGB","XGB","Fold01.Rep09",NA,NA,0.533333333333333,0.65,0.6,0.591666666666667,0.533333333333333,0.533333333333333,0.533333333333333,0.65,0.183333333333333,0.183333333333333,0.635,0.511127194195406,NA,NA,NA,0.01,3,5,0.9,3,0.8,50
"XGB","XGB","XGB","Fold02.Rep09",NA,NA,0.266666666666667,0.736842105263158,0.529411764705882,0.501754385964912,0.333333333333333,0.444444444444444,0.444444444444444,0.56,0.00366300366300365,0.00394899251839395,0.605263157894737,0.459633334237857,NA,NA,NA,0.01,3,5,0.9,3,0.8,50
"XGB","XGB","XGB","Fold03.Rep09",NA,NA,0.466666666666667,0.85,0.685714285714286,0.658333333333333,0.56,0.7,0.7,0.68,0.330434782608696,0.346890953086605,0.803333333333333,0.782785625537174,NA,NA,NA,0.01,3,5,0.9,3,0.8,50
"XGB","XGB","XGB","Fold04.Rep09",NA,NA,0.533333333333333,0.789473684210526,0.676470588235294,0.66140350877193,0.592592592592593,0.666666666666667,0.666666666666667,0.681818181818182,0.329749103942652,0.335400290099185,0.678947368421053,0.581601060959882,NA,NA,NA,0.01,3,5,0.9,3,0.8,50
"XGB","XGB","XGB","Fold05.Rep09",NA,NA,0.666666666666667,0.894736842105263,0.794117647058823,0.780701754385965,0.740740740740741,0.833333333333333,0.833333333333333,0.772727272727273,0.57347670250896,0.58330485234641,0.836842105263158,0.759876286865047,NA,NA,NA,0.01,3,5,0.9,3,0.8,50
"XGB","XGB","XGB","Fold06.Rep09",NA,NA,0.533333333333333,0.789473684210526,0.676470588235294,0.66140350877193,0.592592592592593,0.666666666666667,0.666666666666667,0.681818181818182,0.329749103942652,0.335400290099185,0.712280701754386,0.583534898274029,NA,NA,NA,0.01,3,5,0.9,3,0.8,50
"XGB","XGB","XGB","Fold07.Rep09",NA,NA,0.4,0.68421052631579,0.558823529411765,0.542105263157895,0.444444444444444,0.5,0.5,0.590909090909091,0.086021505376344,0.0874957278519614,0.626315789473684,0.569010642979614,NA,NA,NA,0.01,3,5,0.9,3,0.8,50
"XGB","XGB","XGB","Fold08.Rep09",NA,NA,0.6,0.578947368421053,0.588235294117647,0.589473684210526,0.5625,0.529411764705882,0.529411764705882,0.647058823529412,0.176470588235294,0.177704663327728,0.705263157894737,0.605316869000226,NA,NA,NA,0.01,3,5,0.9,3,0.8,50
"XGB","XGB","XGB","Fold09.Rep09",NA,NA,0.333333333333333,0.894736842105263,0.647058823529412,0.614035087719298,0.454545454545454,0.714285714285714,0.714285714285714,0.62962962962963,0.241635687732342,0.280065765174535,0.694736842105263,0.585758561184258,NA,NA,NA,0.01,3,5,0.9,3,0.8,50
"XGB","XGB","XGB","Fold10.Rep09",NA,NA,0.6,0.736842105263158,0.676470588235294,0.668421052631579,0.620689655172414,0.642857142857143,0.642857142857143,0.7,0.33922261484099,0.339836316194299,0.784210526315789,0.757897592173908,NA,NA,NA,0.01,3,5,0.9,3,0.8,50
"XGB","XGB","XGB","Fold01.Rep10",NA,NA,0.466666666666667,0.75,0.628571428571429,0.608333333333333,0.518518518518519,0.583333333333333,0.583333333333333,0.652173913043478,0.222222222222222,0.225890615228498,0.735,0.716137573845907,NA,NA,NA,0.01,3,5,0.9,3,0.8,50
"XGB","XGB","XGB","Fold02.Rep10",NA,NA,0.266666666666667,0.894736842105263,0.61764705882353,0.580701754385965,0.380952380952381,0.666666666666667,0.666666666666667,0.607142857142857,0.172284644194757,0.210223257224381,0.745614035087719,0.627306368361267,NA,NA,NA,0.01,3,5,0.9,3,0.8,50
"XGB","XGB","XGB","Fold03.Rep10",NA,NA,0.266666666666667,0.894736842105263,0.61764705882353,0.580701754385965,0.380952380952381,0.666666666666667,0.666666666666667,0.607142857142857,0.172284644194757,0.210223257224381,0.631578947368421,0.592760075357266,NA,NA,NA,0.01,3,5,0.9,3,0.8,50
"XGB","XGB","XGB","Fold04.Rep10",NA,NA,0.533333333333333,0.789473684210526,0.676470588235294,0.66140350877193,0.592592592592593,0.666666666666667,0.666666666666667,0.681818181818182,0.329749103942652,0.335400290099185,0.71578947368421,0.603905096411048,NA,NA,NA,0.01,3,5,0.9,3,0.8,50
"XGB","XGB","XGB","Fold05.Rep10",NA,NA,0.4,0.842105263157895,0.647058823529412,0.621052631578947,0.5,0.666666666666667,0.666666666666667,0.64,0.252747252747253,0.272480483769182,0.696491228070175,0.631084381738486,NA,NA,NA,0.01,3,5,0.9,3,0.8,50
"XGB","XGB","XGB","Fold06.Rep10",NA,NA,0.733333333333333,0.68421052631579,0.705882352941177,0.708771929824561,0.6875,0.647058823529412,0.647058823529412,0.764705882352941,0.411764705882353,0.414644214431365,0.754385964912281,0.74745252982556,NA,NA,NA,0.01,3,5,0.9,3,0.8,50
"XGB","XGB","XGB","Fold07.Rep10",NA,NA,0.333333333333333,0.68421052631579,0.529411764705882,0.508771929824561,0.384615384615385,0.454545454545455,0.454545454545455,0.565217391304348,0.0180505415162454,0.0186203274368681,0.563157894736842,0.49474597628021,NA,NA,NA,0.01,3,5,0.9,3,0.8,50
"XGB","XGB","XGB","Fold08.Rep10",NA,NA,0.666666666666667,0.75,0.714285714285714,0.708333333333333,0.666666666666667,0.666666666666667,0.666666666666667,0.75,0.416666666666667,0.416666666666667,0.831666666666667,0.766314908947262,NA,NA,NA,0.01,3,5,0.9,3,0.8,50
"XGB","XGB","XGB","Fold09.Rep10",NA,NA,0.866666666666667,0.68421052631579,0.764705882352941,0.775438596491228,0.764705882352941,0.68421052631579,0.68421052631579,0.866666666666667,0.535836177474403,0.550877192982456,0.852631578947368,0.730461307211307,NA,NA,NA,0.01,3,5,0.9,3,0.8,50
"XGB","XGB","XGB","Fold10.Rep10",NA,NA,0.533333333333333,0.526315789473684,0.529411764705882,0.529824561403509,0.5,0.470588235294118,0.470588235294118,0.588235294117647,0.0588235294117647,0.0592348877759092,0.492982456140351,0.393596234094516,NA,NA,NA,0.01,3,5,0.9,3,0.8,50
