"model","Variable","n_total","n_pos_contr","freq_pos_contr","median_rank","freq_top10","mean_importance","sd_importance","median_importance","se","ci_lower","ci_upper"
"RF","Loss_of_appetite",100,95,0.95,1,0.94,0.0696106403508772,0.04549763680838,0.0661451127819548,0.004549763680838,0.0605829221296462,0.0786383585721082
"RF","Early_satiety",100,88,0.88,4,0.8,0.0262112192982456,0.0214309981865422,0.0271992481203008,0.00214309981865422,0.0219588443091301,0.0304635942873611
"RF","Thickness_in_throat",100,87,0.87,5,0.71,0.0254220814536341,0.0233970773967435,0.023704260651629,0.00233970773967435,0.0207795936948143,0.0300645692124539
"RF","Persisting_pain",100,83,0.83,5.5,0.63,0.0218330401002506,0.0281476451770651,0.0232681704260652,0.00281476451770651,0.0162479366294934,0.0274181435710078
"RF","Gasp_for_air",100,70,0.7,7.5,0.54,0.0170354335839599,0.0212106248862968,0.0137406015037593,0.00212106248862968,0.0128267854386468,0.021244081729273
"RF","Back_pain",100,73,0.73,7,0.6,0.015835545112782,0.0255806722195309,0.0151979949874687,0.00255806722195309,0.010759784767685,0.0209113054578789
"RF","Irritating_cough",100,73,0.73,9,0.53,0.00998549248120299,0.0176891940626717,0.0109598997493735,0.00176891940626717,0.00647557260929749,0.0134954123531085
"RF","More_down",100,76,0.76,15.5,0.37,0.00840615037593985,0.0124275454413839,0.00740601503759403,0.00124275454413839,0.0059402557427994,0.0108720450090803
"RF","Pain_comes_and_goes",100,72,0.72,16,0.37,0.00715407518796991,0.0166206403611103,0.00568170426065163,0.00166206403611103,0.00385617955289628,0.0104519708230435
"RF","Legs_do_not_support",100,66,0.66,20,0.31,0.0061561328320802,0.0131825601588517,0.0042481203007519,0.00131825601588517,0.00354042689883008,0.00877183876533033
"RF","Panic_sensation",100,61,0.61,24,0.22,0.00502954887218044,0.00963909287613374,0.00335714285714285,0.000963909287613374,0.0031169437239064,0.00694215402045449
"RF","Lost_sense_of_smell",100,61,0.61,27,0.18,0.00485358646616541,0.00737307449479507,0.0026657894736842,0.000737307449479507,0.00339060852637723,0.00631656440595359
"RF","Became_weaker",100,74,0.74,18,0.29,0.00458637844611529,0.013985106561342,0.00568295739348369,0.0013985106561342,0.00181142989523957,0.007361326996991
"RF","Feeling_chilly",100,66,0.66,29,0.14,0.00364681328320801,0.00684386652457032,0.00250375939849625,0.000684386652457032,0.00228884168596329,0.00500478488045274
"RF","Increased_need_for_sleep",100,61,0.61,25,0.22,0.00280012531328321,0.0135926955360247,0.00447368421052631,0.00135926955360247,0.000103039623249883,0.00549721100331653
"RF","Lumps_pieces_in_sputum",100,53,0.53,33.5,0.05,0.00277127192982456,0.00484403666012413,0.000413533834586483,0.000484403666012413,0.00181010996431212,0.00373243389533699
"RF","Felt_tiredness_weakness_or_lack_of_energy_that_came_and_went",100,60,0.6,28,0.25,0.00269345989974937,0.0123240966786374,0.00310802005012531,0.00123240966786374,0.000248091745475138,0.00513882805402359
"RF","Pain_radiated_between_shoulder_blades_to_chest",100,54,0.54,30,0.17,0.00263658395989975,0.00827385661427962,0.000770676691729304,0.000827385661427962,0.000994871304994848,0.00427829661480465
"RF","Feeling_that_something_is_wrong",100,66,0.66,31.5,0.1,0.00245336215538847,0.00744564847605979,0.00191979949874688,0.000744564847605979,0.000975983963213329,0.00393074034756361
"RF","Less_will_to_do_things",100,61,0.61,29.5,0.12,0.00244007268170426,0.00817344040591358,0.00221666666666673,0.000817344040591358,0.000818284781084747,0.00406186058232377
"RF","Rougher_voice",100,66,0.66,27.5,0.17,0.00238067543859649,0.0103447374361962,0.00265338345864665,0.00103447374361962,0.000328055100535373,0.0044332957766576
"RF","White_yellow_or_green_phlegm_expectorated",100,66,0.66,33,0.09,0.00172430576441103,0.00657222718867657,0.00204887218045114,0.000657222718867657,0.000420233304666106,0.00302837822415594
"RF","Breathing_sound_bubbled_gurgled",100,52,0.52,37,0.08,0.00161803007518797,0.00659381169303724,0.000142857142857147,0.000659381169303724,0.000309674781498648,0.00292638536887729
"RF","Mucus_cough",100,56,0.56,33.5,0.17,0.00156331328320802,0.0116987623230506,0.00233583959899753,0.00116987623230506,-0.00075797496818972,0.00388460153460576
"RF","Hard_to_catch_breath",100,58,0.58,33,0.09,0.00142136090225564,0.0080269021254382,0.00155614035087719,0.00080269021254382,-0.000171350624346315,0.00301407242885759
"RF","Pain_persists_worsens_changing_body_position",100,43,0.43,36,0.05,0.001247656641604,0.00548001164109141,0,0.000548001164109141,0.000160303442289554,0.00233500984091845
"RF","Chills",100,49,0.49,39.5,0.02,0.000952298245614029,0.00452843958456131,0,0.000452843958456131,5.37575868218793e-05,0.00185083890440618
"RF","Nail_changes",100,48,0.48,43,0.03,0.000951042606516293,0.00621225390583759,0,0.000621225390583759,-0.000281603344235895,0.00218368855726848
"RF","Did_not_feel_well_rested",100,56,0.56,30.5,0.18,0.000884758145363406,0.0110999688204121,0.00240601503759393,0.00110999688204121,-0.00131771648419084,0.00308723277491765
"RF","Thick_consistency",100,49,0.49,37.5,0.01,0.000850038847117793,0.00427178143056549,0,0.000427178143056549,2.42473431778171e-06,0.0016976529599178
"RF","Lump_swelling_or_obstruction_sensation",100,44,0.44,44,0.01,0.000507061403508768,0.00383735771768144,0,0.000383735771768143,-0.000254353619763679,0.00126847642678121
"RF","Pain_in_shoulder_blade",100,38,0.38,49,0.02,0.000465581453634082,0.00450125552318211,0,0.000450125552318211,-0.000427565297617911,0.00135872820488608
"RF","Voice_changes_difficult_to_describe",100,40,0.4,40,0.02,0.000406620300751872,0.00348921563773379,0,0.000348921563773379,-0.000285715780861308,0.00109895638236505
"RF","Need_to_clear_throat",100,55,0.55,35.5,0.19,0.000307463659147868,0.0134044987118998,0.00067669172932329,0.00134044987118998,-0.00235227969801913,0.00296720701631487
"RF","Difficulty_suppressing_the_cough",100,43,0.43,46,0.02,0.000221892230576435,0.00391152268180544,0,0.000391152268180544,-0.000554238730598876,0.000998023191751747
"RF","Thin_mucus",100,26,0.26,43,0,0.000214636591478699,0.00189303179988484,0,0.000189303179988484,-0.000160981987243666,0.000590255170201063
"RF","Blood_mixed_phlegm_expectorates",100,43,0.43,44,0.02,0.000178325814536342,0.00411429717570264,0,0.000411429717570264,-0.000638040005452989,0.000994691634525673
"RF","Clear_throat_more_often",100,54,0.54,35,0.09,0.00012352882205514,0.00913169221725597,0.00089523809523809,0.000913169221725597,-0.00168839702735976,0.00193545467147004
"RF","Pain_in_whole_body",100,18,0.18,45,0,5.33684210526297e-05,0.00102969811215528,0,0.000102969811215528,-0.000150946023862874,0.000257682865968134
"RF","Lump_in_the_chest",100,35,0.35,45.5,0,1.54385964912297e-05,0.00175783245464757,0,0.000175783245464757,-0.000333353498964817,0.000364230691947277
"RF","More_irritable",100,60,0.6,36.5,0.1,1.47318295739373e-05,0.010629842100473,0.000977443609022519,0.0010629842100473,-0.00209445945927061,0.00212392311841849
"RF","Wheezing_cough",100,20,0.2,46,0,7.03508771929948e-06,0.00144856206455204,0,0.000144856206455205,-0.000280391052671619,0.000294461228110218
"RF","Sweating_all_the_time",100,0,0,46,0,0,0,0,0,0,0
"RF","Persistent_fatigue",100,53,0.53,44.5,0.04,-3.44862155387957e-06,0.00696329120333767,0.00033082706766921,0.000696329120333767,-0.0013851166660034,0.00137821942289564
"RF","Thickness_in_throat.1",100,39,0.39,49.5,0.01,-6.76666666666659e-05,0.00352543066764075,-5.26315789473842e-05,0.000352543066764075,-0.000767188595904206,0.000631855262570874
"RF","Breathing_sound_jarred_raspy",100,7,0.07,47.5,0,-7.23233082706762e-05,0.000681580045717371,0,6.81580045717371e-05,-0.000207563576328221,6.29169597868691e-05
"RF","Cold_feet",100,33,0.33,46,0,-7.68872180451118e-05,0.00239445746879488,0,0.000239445746879488,-0.000551999527988663,0.000398225091898439
"RF","Changes_hard_to_describe.1",100,13,0.13,46,0,-9.96240601503756e-05,0.00085301363973887,0,8.5301363973887e-05,-0.000268880472540805,6.96323522400538e-05
"RF","Calf_cramp",100,47,0.47,45,0.04,-0.000116937343358395,0.00715275823351358,-7.51879699247527e-05,0.000715275823351358,-0.00153619975711209,0.0013023250703953
"RF","Dry_cough",100,48,0.48,47.5,0.14,-0.00018445112781955,0.0107407197253599,-0.000562656641603943,0.00107407197253599,-0.00231564294294932,0.00194674068731022
"RF","Pressure_sensation",100,40,0.4,48.5,0.05,-0.000203458646616546,0.00586759001160156,-0.000333333333333298,0.000586759001160156,-0.00136771580321444,0.000960798509981349
"RF","Changes_hard_to_describe",100,30,0.3,47,0.01,-0.000226083959899754,0.0034653122304342,0,0.00034653122304342,-0.000913677086916482,0.000461509167116974
"RF","Pain_that_shifts_location",100,17,0.17,49,0,-0.000235461152882205,0.00117685339325835,0,0.000117685339325835,-0.000468974398125727,-1.94790763868258e-06
"RF","Barking_cough",100,36,0.36,47,0.02,-0.000238288220551376,0.00379758737577455,0,0.000379758737577455,-0.000991811945165621,0.000515235504062868
"RF","Headache",100,25,0.25,49,0,-0.000264708020050122,0.00128819745512692,0,0.000128819745512692,-0.000520314342795453,-9.10169730479048e-06
"RF","Thick_mucus",100,38,0.38,50,0.01,-0.000338621553884712,0.00382167637880067,0,0.000382167637880067,-0.00109692505931408,0.000419681951544657
"RF","Breathing_sound_whistling",100,38,0.38,43.5,0.03,-0.000407433583959903,0.00548735817472065,0,0.000548735817472065,-0.00149624449493061,0.000681377327010799
"RF","Pain_in_chest",100,51,0.51,40,0.02,-0.000411687969924821,0.00753077566850078,7.51879699248791e-05,0.000753077566850078,-0.0019059572439282,0.00108258130407856
"RF","Pain_in_neck",100,30,0.3,47,0,-0.000440756892230578,0.00282558197407525,0,0.000282558197407525,-0.00100141365733629,0.000119899872875135
"RF","Day_sweats_more_than_usual",100,29,0.29,47,0,-0.000444758145363406,0.00230971329138388,0,0.000230971329138388,-0.000903055371970241,1.35390812434293e-05
"RF","Labored_breathing",100,46,0.46,58.5,0.07,-0.000454874686716788,0.00909069851889641,-0.00175952380952374,0.000909069851889641,-0.00225866649701237,0.00134891712357879
"RF","Stabbing_sensation_from_taking_deep_breaths",100,36,0.36,49,0,-0.000491213032581457,0.00262405067925072,0,0.000262405067925072,-0.00101188161654057,2.94555513776567e-05
"RF","Lost_my_voice",100,32,0.32,49,0,-0.000530448621553883,0.0032762134037511,0,0.00032762134037511,-0.00118052043882764,0.000119623195719875
"RF","Uneasiness_hard_to_describe",100,49,0.49,47,0.05,-0.000531067669172933,0.00720977236128084,0,0.000720977236128084,-0.0019616429228062,0.000899507584460334
"RF","Pain_reduces_improves_when_changing_body_position",100,28,0.28,51.5,0,-0.000535131578947373,0.00230201839007286,0,0.000230201839007286,-0.000991901970191998,-7.8361187702749e-05
"RF","Heartburn",100,47,0.47,46,0.03,-0.00053695614035088,0.00770824938521705,0,0.000770824938521705,-0.00206644005007121,0.000992527769369446
"RF","Weaker_voice",100,49,0.49,45,0.03,-0.000540426065162906,0.00608000545745949,0,0.000608000545745949,-0.00174683105460581,0.000665978924279999
"RF","Unlike_other_coughs",100,11,0.11,49.5,0,-0.000560977443609021,0.00149040427045734,0,0.000149040427045734,-0.000856705985424846,-0.000265248901793196
"RF","Sores_in_chest",100,15,0.15,51.5,0,-0.000703664160401002,0.00248410640436084,0,0.000248410640436084,-0.00119656476410872,-0.000210763556693286
"RF","Feeling_of_choking",100,24,0.24,51,0,-0.000755609022556387,0.0022299305930161,0,0.00022299305930161,-0.00119807563090876,-0.000313142414204018
"RF","Food_drinks_tasted_different",100,37,0.37,53,0.01,-0.000771630325814536,0.0040555689943313,-0.000778195488721801,0.00040555689943313,-0.00157634320050258,3.3082548873509e-05
"RF","Trouble_swallowing",100,23,0.23,48.5,0,-0.000806738095238093,0.00322031219736279,0,0.000322031219736279,-0.00144571790037887,-0.000167758290097318
"RF","Felt_worn_out",100,45,0.45,51.5,0.06,-0.000827078947368427,0.0076045353850442,-0.00100125313283207,0.00076045353850442,-0.00233598374936277,0.000681825854625916
"RF","Pain_in_throat",100,26,0.26,52.5,0,-0.000828412280701756,0.00227207518043346,0,0.000227207518043346,-0.00127924128953124,-0.000377583271872272
"RF","Losing_breath_due_to_coughing",100,31,0.31,51,0,-0.000832241854636597,0.0023879047016419,-3.50877192982912e-05,0.00023879047016419,-0.00130605395341367,-0.00035842975585952
"RF","Feeling_of_discomfort_uneasiness_hard_to_describe",100,38,0.38,50.5,0,-0.000891268170426066,0.00314037317800698,-0.000300751879699253,0.000314037317800698,-0.00151438633983694,-0.000268150001015191
"RF","Breathing_sound_hissed",100,31,0.31,47,0,-0.000955051378446114,0.00318132804603435,0,0.000318132804603435,-0.00158629588219598,-0.000323806874696249
"RF","More_sensitive_to_different_smells",100,26,0.26,54,0.01,-0.000981884711779445,0.00295902103242528,-0.000244360902255653,0.000295902103242528,-0.00156901868104334,-0.000394750742515547
"RF","Changes_pitch_higher_lower",100,44,0.44,52.5,0,-0.00103607268170426,0.0055391115126322,-9.3984962406046e-05,0.000553911151263219,-0.00213515257771349,6.30072143049689e-05
"RF","Hacking_cough",100,17,0.17,50,0,-0.00105453634085213,0.00276271429034684,0,0.000276271429034684,-0.00160271879358175,-0.000506353888122505
"RF","Increased_amount_of_phlegm_expectorates",100,48,0.48,45,0.04,-0.00108990350877194,0.00949742725833185,-2.36963226818432e-17,0.000949742725833185,-0.00297439912501604,0.000794592107472157
"RF","Pain_in_shoulders",100,38,0.38,50,0,-0.00109621052631579,0.00389108634196051,0,0.000389108634196051,-0.00186828647429623,-0.000324134578335345
"RF","Feeling_pressure",100,36,0.36,51.5,0.02,-0.00110140977443609,0.00464110873683624,-0.000260651629072669,0.000464110873683624,-0.00202230643741472,-0.00018051311145746
"RF","Discomfort_sensation",100,33,0.33,54,0,-0.00121553383458647,0.0039431808897395,-0.000616541353383456,0.00039431808897395,-0.00199794647104574,-0.000433121198127195
"RF","Hard_to_get_air",100,50,0.5,44,0.09,-0.00123003007518797,0.0113833165959947,3.7593984962423e-05,0.00113833165959947,-0.00348872705069273,0.00102866690031679
"RF","Pain_persists_worsens_when_breathing",100,29,0.29,51.5,0,-0.00125738345864661,0.00342125010368634,-0.000145363408521299,0.000342125010368634,-0.00193623370378174,-0.000578533213511493
"RF","Feeling_of_uneasiness_difficult_to_describe",100,36,0.36,51.5,0,-0.00131107518796993,0.00499948345845407,-0.00046140350877195,0.000499948345845407,-0.00230308117071397,-0.000319069205225879
"RF","Difficulty_to_stay_awake",100,34,0.34,50.5,0,-0.00136802506265664,0.00332071107952173,-0.000387969924812036,0.000332071107952173,-0.00202692618418742,-0.000709123941125855
"RF","Felt_abnormally_unhealthily_tires",100,33,0.33,56.5,0,-0.00169273057644111,0.00502382270849131,-0.000654135338345914,0.000502382270849132,-0.00268956599443643,-0.000695895158445782
"RF","Fever",100,46,0.46,46,0,-0.0017054649122807,0.00720505592589485,0,0.000720505592589485,-0.00313510432280957,-0.000275825501751822
"RF","Night_sweats",100,43,0.43,56,0.01,-0.00174304887218045,0.00680334512315421,-0.000526315789473667,0.000680334512315421,-0.00309298014426598,-0.00039311760009491
"RF","Breathing_sound_rattled_wheezed",100,42,0.42,53,0.01,-0.00176850375939849,0.0059026001060198,-0.00068546365914787,0.00059026001060198,-0.00293970767827852,-0.000597299840518468
"RF","Swollen_tender_joints",100,41,0.41,55,0.02,-0.00213475438596491,0.0073692408156962,-0.000432330827067617,0.00073692408156962,-0.00359697164064761,-0.000672537131282223
"RF","Dryer_mouth",100,35,0.35,57,0.02,-0.00217069298245615,0.00681528263287069,-0.0013988095238096,0.000681528263287069,-0.0035229929154556,-0.000818393049456695
"RF","Hard_to_breathe_deeply",100,42,0.42,59,0.03,-0.0022343984962406,0.00802228127914879,-0.00171052631578946,0.000802228127914879,-0.00382619314668874,-0.000642603845792463
"RF","Coughing_fits",100,39,0.39,53,0.03,-0.00228193107769424,0.0080018836421629,-0.0015413533834586,0.00080018836421629,-0.0038696783944344,-0.000694183760954069
"RF","Difficult_sensing_smells",100,25,0.25,57,0,-0.00233013157894737,0.00484976417109953,-0.00090225563909773,0.000484976417109953,-0.00329243000689658,-0.00136783315099816
"RF","Slight_cough",100,30,0.3,59,0,-0.00235459649122807,0.00515191264045638,-0.00109147869674187,0.000515191264045638,-0.00337684773065665,-0.00133234525179948
"RF","Breathing_sound_squeaked_as_if_through_a_pipe",100,38,0.38,56.5,0,-0.00247177067669173,0.00715115166497518,-0.00124561403508767,0.000715115166497518,-0.00389071431239265,-0.00105282704099081
"RF","Do_not_enjoy_food",100,34,0.34,63,0.01,-0.0025973671679198,0.00744439779162446,-0.00195488721804511,0.000744439779162446,-0.00407449719716918,-0.00112023713867043
"RF","Dryer_skin",100,31,0.31,59,0,-0.00298112656641604,0.00733046237731638,-0.00176691729323305,0.000733046237731638,-0.0044356493376198,-0.00152660379521227
"RF","Felt_out_of_sorts",100,29,0.29,66,0,-0.00349676441102757,0.00628056800000566,-0.00274060150375941,0.000628056800000566,-0.00474296536014782,-0.00225056346190733
"RF","Poorer_condition_lower_fitness",100,33,0.33,73,0.08,-0.00460127192982457,0.0129245283442025,-0.00575438596491234,0.00129245283442025,-0.00716577875300714,-0.00203676510664199
"RF","Hoarse_voice",100,35,0.35,64.5,0.05,-0.00485759899749374,0.0113053862498673,-0.00239348370927311,0.00113053862498673,-0.0071008329016156,-0.00261436509337187
"RF","Wheezing",100,26,0.26,72.5,0.01,-0.00591568170426065,0.00960944318729212,-0.00486215538847119,0.000960944318729212,-0.00782240371101381,-0.00400895969750749
"RF","Less_energy_to_do_things",100,33,0.33,73,0.05,-0.00614686842105264,0.0124387650324377,-0.00627368421052631,0.00124387650324377,-0.00861498926446895,-0.00367874757763632
"RLR","Loss_of_appetite",100,94,0.94,1,0.94,0.0777405776942356,0.0551759684070558,0.073421052631579,0.00551759684070558,0.0667924685108879,0.0886886868775833
"RLR","Gasp_for_air",100,68,0.68,3,0.68,0.0280053421052632,0.0336622607811221,0.02365,0.00336622607811221,0.0213260192582006,0.0346846649523257
"RLR","Thickness_in_throat",100,77,0.77,3,0.77,0.0274816779448622,0.0305360689039099,0.0277697368421052,0.00305360689039099,0.0214226593894673,0.033540696500257
"RLR","Back_pain",100,78,0.78,4,0.78,0.0249557644110276,0.0325504008862807,0.0225375939849624,0.00325504008862807,0.0184970586890784,0.0314144701329767
"RLR","Irritating_cough",100,72,0.72,4,0.72,0.0181724761904762,0.0314303345268706,0.0158771929824561,0.00314303345268706,0.0119360159342513,0.0244089364467011
"RLR","Lost_sense_of_smell",100,65,0.65,5,0.65,0.0165229887218045,0.0189428070695932,0.0152794486215539,0.00189428070695932,0.0127643248319927,0.0202816526116163
"RLR","Thick_consistency",100,61,0.61,7,0.56,0.00455089097744361,0.00830919138824257,0.00182330827067668,0.000830919138824257,0.00290216713679093,0.00619961481809629
"RLR","Legs_do_not_support",100,43,0.43,8,0.41,0.00433344862155387,0.0138214871450715,0,0.00138214871450715,0.00159096571261541,0.00707593153049234
"RLR","Lumps_pieces_in_sputum",100,46,0.46,8,0.45,0.00351067543859649,0.007748605974692,0,0.000774860597469201,0.00197318390598172,0.00504816697121126
"RLR","Thin_mucus",100,4,0.04,9,0.04,0.000150545112781954,0.00264805820448087,0,0.000264805820448087,-0.000374887085029889,0.000675977310593797
"RLR","Feeling_that_something_is_wrong",100,1,0.01,9,0.01,8.94736842105267e-05,0.000894736842105266,0,8.94736842105265e-05,-8.80615167208901e-05,0.000267008885141943
"RLR","Difficulty_suppressing_the_cough",100,1,0.01,9,0.01,1.80451127819472e-06,9.48964384112513e-05,0,9.48964384112513e-06,-1.70250008958834e-05,2.06340234522729e-05
"RLR","Barking_cough",100,0,0,9,0,0,0,0,0,0,0
"RLR","Became_weaker",100,0,0,9,0,0,0,0,0,0,0
"RLR","Blood_mixed_phlegm_expectorates",100,0,0,9,0,0,0,0,0,0,0
"RLR","Breathing_sound_hissed",100,0,0,9,0,0,0,0,0,0,0
"RLR","Breathing_sound_jarred_raspy",100,0,0,9,0,0,0,0,0,0,0
"RLR","Breathing_sound_squeaked_as_if_through_a_pipe",100,0,0,9,0,0,0,0,0,0,0
"RLR","Changes_hard_to_describe",100,0,0,9,0,0,0,0,0,0,0
"RLR","Changes_pitch_higher_lower",100,0,0,9,0,0,0,0,0,0,0
"RLR","Day_sweats_more_than_usual",100,0,0,9,0,0,0,0,0,0,0
"RLR","Did_not_feel_well_rested",100,0,0,9,0,0,0,0,0,0,0
"RLR","Difficulty_to_stay_awake",100,0,0,9,0,0,0,0,0,0,0
"RLR","Discomfort_sensation",100,0,0,9,0,0,0,0,0,0,0
"RLR","Do_not_enjoy_food",100,0,0,9,0,0,0,0,0,0,0
"RLR","Dryer_mouth",100,0,0,9,0,0,0,0,0,0,0
"RLR","Feeling_of_discomfort_uneasiness_hard_to_describe",100,0,0,9,0,0,0,0,0,0,0
"RLR","Feeling_of_uneasiness_difficult_to_describe",100,0,0,9,0,0,0,0,0,0,0
"RLR","Felt_abnormally_unhealthily_tires",100,0,0,9,0,0,0,0,0,0,0
"RLR","Felt_out_of_sorts",100,0,0,9,0,0,0,0,0,0,0
"RLR","Felt_worn_out",100,0,0,9,0,0,0,0,0,0,0
"RLR","Food_drinks_tasted_different",100,0,0,9,0,0,0,0,0,0,0
"RLR","Hard_to_breathe_deeply",100,0,0,9,0,0,0,0,0,0,0
"RLR","Headache",100,0,0,9,0,0,0,0,0,0,0
"RLR","Heartburn",100,0,0,9,0,0,0,0,0,0,0
"RLR","Hoarse_voice",100,0,0,9,0,0,0,0,0,0,0
"RLR","Labored_breathing",100,0,0,9,0,0,0,0,0,0,0
"RLR","Less_will_to_do_things",100,0,0,9,0,0,0,0,0,0,0
"RLR","Lump_in_the_chest",100,0,0,9,0,0,0,0,0,0,0
"RLR","More_down",100,0,0,9,0,0,0,0,0,0,0
"RLR","More_irritable",100,0,0,9,0,0,0,0,0,0,0
"RLR","More_sensitive_to_different_smells",100,0,0,9,0,0,0,0,0,0,0
"RLR","Mucus_cough",100,0,0,9,0,0,0,0,0,0,0
"RLR","Night_sweats",100,0,0,9,0,0,0,0,0,0,0
"RLR","Pain_in_chest",100,0,0,9,0,0,0,0,0,0,0
"RLR","Pain_in_neck",100,0,0,9,0,0,0,0,0,0,0
"RLR","Pain_in_shoulder_blade",100,0,0,9,0,0,0,0,0,0,0
"RLR","Pain_in_shoulders",100,0,0,9,0,0,0,0,0,0,0
"RLR","Pain_in_throat",100,0,0,9,0,0,0,0,0,0,0
"RLR","Pain_radiated_between_shoulder_blades_to_chest",100,0,0,9,0,0,0,0,0,0,0
"RLR","Pain_reduces_improves_when_changing_body_position",100,0,0,9,0,0,0,0,0,0,0
"RLR","Panic_sensation",100,0,0,9,0,0,0,0,0,0,0
"RLR","Persistent_fatigue",100,0,0,9,0,0,0,0,0,0,0
"RLR","Poorer_condition_lower_fitness",100,0,0,9,0,0,0,0,0,0,0
"RLR","Pressure_sensation",100,0,0,9,0,0,0,0,0,0,0
"RLR","Slight_cough",100,0,0,9,0,0,0,0,0,0,0
"RLR","Stabbing_sensation_from_taking_deep_breaths",100,0,0,9,0,0,0,0,0,0,0
"RLR","Sweating_all_the_time",100,0,0,9,0,0,0,0,0,0,0
"RLR","Thick_mucus",100,0,0,9,0,0,0,0,0,0,0
"RLR","Thickness_in_throat.1",100,0,0,9,0,0,0,0,0,0,0
"RLR","Unlike_other_coughs",100,0,0,9,0,0,0,0,0,0,0
"RLR","Wheezing",100,0,0,9,0,0,0,0,0,0,0
"RLR","Wheezing_cough",100,0,0,9,0,0,0,0,0,0,0
"RLR","Feeling_of_choking",100,1,0.01,9,0.01,-5.26315789473727e-06,0.000244694615948079,0,2.44694615948079e-05,-5.38158783873478e-05,4.32895625978733e-05
"RLR","Dryer_skin",100,0,0,9,0,-3.78947368421054e-05,0.000378947368421054,0,3.78947368421054e-05,-0.000113086116060117,3.72966423759065e-05
"RLR","Changes_hard_to_describe.1",100,0,0,9,0,-5.29824561403506e-05,0.000529824561403506,0,5.29824561403506e-05,-0.000158111143750718,5.2146231470017e-05
"RLR","Pain_that_shifts_location",100,4,0.04,9,0.01,-9.28872180451133e-05,0.000708760305562888,0,7.08760305562888e-05,-0.000233520639336059,4.77462032458319e-05
"RLR","Breathing_sound_bubbled_gurgled",100,0,0,9,0,-0.000110877192982456,0.00110877192982456,0,0.000110877192982456,-0.000330881598842563,0.000109127212877651
"RLR","Difficult_sensing_smells",100,1,0.01,9,0,-0.00011265664160401,0.00152198133209704,0,0.000152198133209704,-0.000414650757518513,0.000189337474310492
"RLR","Trouble_swallowing",100,2,0.02,9,0.02,-0.000126883458646618,0.00205947275265769,0,0.000205947275265769,-0.000535527533361991,0.000281760616068756
"RLR","Lost_my_voice",100,0,0,9,0,-0.00013157894736842,0.0013157894736842,0,0.00013157894736842,-0.000392660125208736,0.000129502230471895
"RLR","Pain_persists_worsens_when_breathing",100,0,0,9,0,-0.000135056390977444,0.000952841448872911,0,9.52841448872911e-05,-0.000324120806480224,5.40080245253349e-05
"RLR","Calf_cramp",100,0,0,9,0,-0.000199624060150377,0.00199624060150377,0,0.000199624060150377,-0.000595721504245261,0.000196473383944508
"RLR","Hacking_cough",100,0,0,9,0,-0.000200000000000001,0.002,0,2e-04,-0.000596843390317284,0.000196843390317283
"RLR","Losing_breath_due_to_coughing",100,0,0,9,0,-0.000203000000000001,0.00203000000000001,0,0.000203000000000001,-0.000605796041172045,0.000199796041172044
"RLR","Fever",100,0,0,9,0,-0.000211278195488722,0.00211278195488722,0,0.000211278195488722,-0.000630499972478033,0.000207943581500589
"RLR","Increased_amount_of_phlegm_expectorates",100,0,0,9,0,-0.000218045112781955,0.00218045112781955,0,0.000218045112781955,-0.000650693921774481,0.000214603696210572
"RLR","Hard_to_catch_breath",100,7,0.07,9,0.06,-0.000331503759398493,0.00271248372771549,0,0.000271248372771549,-0.000869719378742032,0.000206711859945046
"RLR","Pain_in_whole_body",100,2,0.02,10,0.01,-0.000349403508771932,0.00171626288780119,0,0.000171626288780119,-0.00068994730030731,-8.85971723655395e-06
"RLR","Coughing_fits",100,0,0,9,0,-0.000365112781954888,0.00308691514681431,0,0.000308691514681431,-0.000977623718196672,0.000247398154286895
"RLR","Feeling_pressure",100,3,0.03,9,0.03,-0.000402238095238092,0.00206820010145255,0,0.000206820010145255,-0.000812613865295581,8.13767481939694e-06
"RLR","Lump_swelling_or_obstruction_sensation",100,9,0.09,10,0.05,-0.000461156641604011,0.00329027580834398,0,0.000329027580834398,-0.00111401874503509,0.000191705461827071
"RLR","Dry_cough",100,0,0,9,0,-0.000494360902255639,0.00348644712035648,0,0.000348644712035648,-0.00118614764995774,0.00019742584544646
"RLR","White_yellow_or_green_phlegm_expectorated",100,2,0.02,9,0.01,-0.000501152882205514,0.00370704230397371,0,0.000370704230397371,-0.00123671050018477,0.000234404735773746
"RLR","Cold_feet",100,0,0,10,0,-0.000520000000000001,0.0027731313667607,0,0.00027731313667607,-0.00107024942669026,3.02494266902589e-05
"RLR","Sores_in_chest",100,0,0,9,0,-0.000657518796992482,0.00657518796992482,0,0.000657518796992482,-0.00196217873997167,0.000647141145986709
"RLR","Uneasiness_hard_to_describe",100,0,0,10,0,-0.000668428571428573,0.00336397188903117,0,0.000336397188903117,-0.00133591357611616,-9.43566740989419e-07
"RLR","Voice_changes_difficult_to_describe",100,6,0.06,10,0.06,-0.000692764411027574,0.0035815413334256,0,0.00035815413334256,-0.00140341991368662,1.78910916314767e-05
"RLR","Need_to_clear_throat",100,1,0.01,10,0.01,-0.000773828320802006,0.00373518748527554,0,0.000373518748527554,-0.00151497055336572,-3.26860882382894e-05
"RLR","Swollen_tender_joints",100,5,0.05,10,0.03,-0.000837348370927321,0.00450405696796538,0,0.000450405696796538,-0.0017310509896021,5.63542477474611e-05
"RLR","Early_satiety",100,22,0.22,10,0.22,-0.00107848496240601,0.00799896728086918,0,0.000799896728086918,-0.00266565360979459,0.000508683684982561
"RLR","Nail_changes",100,1,0.01,9,0.01,-0.00108280701754386,0.0062119268633082,0,0.00062119268633082,-0.00231538807596298,0.000149774040875256
"RLR","Chills",100,14,0.14,9,0.12,-0.0011065,0.00835476002875686,0,0.000835476002875686,-0.0027642656475496,0.000551265647549597
"RLR","Rougher_voice",100,12,0.12,9,0.11,-0.00123694736842106,0.00529546780134129,0,0.000529546780134129,-0.0022876830662212,-0.000186211670620913
"RLR","Breathing_sound_rattled_wheezed",100,6,0.06,10,0.05,-0.00135485213032582,0.00388456220583876,0,0.000388456220583876,-0.00212563354815754,-0.000584070712494099
"RLR","Hard_to_get_air",100,13,0.13,10,0.12,-0.00140297493734336,0.00655177796142622,0,0.000655177796142622,-0.00270298982675258,-0.000102960047934139
"RLR","Pain_persists_worsens_changing_body_position",100,15,0.15,10,0.13,-0.0014417969924812,0.00744625629423597,0,0.000744625629423597,-0.00291929578896921,3.57018040068014e-05
"RLR","Persisting_pain",100,13,0.13,10,0.11,-0.00149305388471178,0.00668951344195435,0,0.000668951344195435,-0.00282039848165088,-0.00016570928777268
"RLR","Weaker_voice",100,5,0.05,10,0.05,-0.0015092656641604,0.00559361500586721,0,0.000559361500586721,-0.00261916023568939,-0.000399371092631416
"RLR","Breathing_sound_whistling",100,3,0.03,10,0.02,-0.00161685087719298,0.0062753617780948,0,0.00062753617780948,-0.0028620187989363,-0.000371682955449661
"RLR","Feeling_chilly",100,6,0.06,10,0.04,-0.0020477656641604,0.00576332403614426,0,0.000576332403614426,-0.00319133418916069,-0.000904197139160113
"RLR","Felt_tiredness_weakness_or_lack_of_energy_that_came_and_went",100,47,0.47,9,0.46,-0.002162164160401,0.0165106643537618,0,0.00165106643537618,-0.00543823816966977,0.00111390984886777
"RLR","Increased_need_for_sleep",100,3,0.03,10,0.03,-0.00233794486215539,0.00813502829477053,0,0.000813502829477053,-0.00395211096656727,-0.000723778757743506
"RLR","Pain_comes_and_goes",100,5,0.05,10,0.05,-0.00388265413533835,0.0100603558887506,0,0.00100603558887506,-0.00587884700468348,-0.00188646126599323
"RLR","Less_energy_to_do_things",100,13,0.13,10,0.12,-0.00399369674185464,0.0173945378556947,0,0.00173945378556947,-0.00744515042968275,-0.000542243054026538
"RLR","Clear_throat_more_often",100,13,0.13,10,0.12,-0.00477911654135338,0.0156675010697333,0,0.00156675010697333,-0.00788788866250969,-0.00167034442019707
"XGB","Loss_of_appetite",100,89,0.89,1,0.88,0.0721207055137844,0.0542311509029717,0.0703387218045112,0.00542311509029717,0.0613600686212127,0.0828813424063562
"XGB","Back_pain",100,76,0.76,5,0.69,0.0200085914786967,0.0271916984252234,0.01946992481203,0.00271916984252234,0.0146131685829213,0.0254040143744721
"XGB","Gasp_for_air",100,68,0.68,5,0.63,0.0195993182957393,0.0253118797618333,0.0154025062656642,0.00253118797618333,0.0145768922057447,0.024621744385734
"XGB","Thickness_in_throat",100,77,0.77,6,0.67,0.0153196666666667,0.0189464260320312,0.0143421052631579,0.00189464260320312,0.0115602846961932,0.0190790486371401
"XGB","Legs_do_not_support",100,74,0.74,5,0.66,0.015205119047619,0.0199598531812559,0.0140601503759399,0.00199598531812559,0.0112446511442766,0.0191655869509614
"XGB","Irritating_cough",100,73,0.73,6,0.65,0.0124902180451128,0.0252233473373777,0.0137957393483709,0.00252233473373777,0.00748535870885507,0.0174950773813705
"XGB","Need_to_clear_throat",100,74,0.74,10,0.51,0.00540443734335839,0.0122411184378309,0.00487218045112777,0.00122411184378309,0.00297553387228627,0.00783334081443051
"XGB","Early_satiety",100,67,0.67,11,0.46,0.00523591353383457,0.0141758845906307,0.00441729323308265,0.00141758845906307,0.00242311048298836,0.00804871658468077
"XGB","Persisting_pain",100,59,0.59,16,0.39,0.00390594736842105,0.0156006508033308,0.00215689223057643,0.00156006508033308,0.000810439790446122,0.00700145494639597
"XGB","Feeling_that_something_is_wrong",100,57,0.57,16,0.29,0.00387035463659146,0.00977580218886988,0.00229473684210532,0.000977580218886988,0.00193062339474034,0.00581008587844258
"XGB","Felt_tiredness_weakness_or_lack_of_energy_that_came_and_went",100,69,0.69,11,0.47,0.0037459298245614,0.0131208860006471,0.00524786967418544,0.00131208860006471,0.00114246138232971,0.00634939826679308
"XGB","More_irritable",100,52,0.52,21.5,0.33,0.00294336842105262,0.0142767413702113,0.000670426065162882,0.00142767413702113,0.000110553197033772,0.00577618364507146
"XGB","Rougher_voice",100,62,0.62,17,0.23,0.00133639849624059,0.011917624713797,0.00180964912280701,0.0011917624713797,-0.00102831680173553,0.00370111379421672
"XGB","Pain_comes_and_goes",100,65,0.65,16.5,0.36,0.0012750977443609,0.0147393905978921,0.00229060150375949,0.00147393905978921,-0.0016495171236782,0.00419971261239999
"XGB","Hard_to_catch_breath",100,52,0.52,25,0.16,0.00105759273182957,0.00705931949404688,0.000138095238095195,0.000705931949404688,-0.000343129408845656,0.0024583148725048
"XGB","Pain_radiated_between_shoulder_blades_to_chest",100,35,0.35,27.5,0.13,0.00102827318295739,0.00692798133096577,0,0.000692798133096577,-0.000346388616760259,0.00240293498267504
"XGB","Dryer_mouth",100,37,0.37,26,0.08,0.0003654260651629,0.00383477106449876,0,0.000383477106449876,-0.000395475710000253,0.00112632784032605
"XGB","Food_drinks_tasted_different",100,13,0.13,27,0.01,0.000159110275689224,0.00106695262350807,0,0.000106695262350807,-5.25962725212067e-05,0.000370816823899654
"XGB","Pressure_sensation",100,33,0.33,29,0.09,0.000136849624060149,0.00653792612525171,0,0.000653792612525171,-0.00116041676053427,0.00143411600865456
"XGB","Discomfort_sensation",100,8,0.08,27,0.01,8.00325814536331e-05,0.00065866910374396,0,6.5866910374396e-05,-5.06616586598668e-05,0.000210726821567133
"XGB","Thick_mucus",100,5,0.05,27,0.02,4.9238095238094e-05,0.000530435009952885,0,5.30435009952885e-05,-5.60117186082484e-05,0.000154487909084436
"XGB","Breathing_sound_hissed",100,5,0.05,27,0,3.23583959899756e-05,0.000671203561647641,0,6.71203561647642e-05,-0.000100822952508667,0.000165539744488619
"XGB","Lump_swelling_or_obstruction_sensation",100,11,0.11,27,0,2.21679197994986e-05,0.000408079519878971,0,4.08079519878971e-05,-5.88039102944115e-05,0.000103139749893409
"XGB","Difficulty_suppressing_the_cough",100,2,0.02,27,0,1.72681704260654e-05,0.000373475615191837,0,3.73475615191837e-05,-5.68374942407156e-05,9.13738350928463e-05
"XGB","Stabbing_sensation_from_taking_deep_breaths",100,1,0.01,27,0,1.64912280701755e-05,0.000164912280701755,0,1.64912280701755e-05,-1.62309462191445e-05,4.92134023594954e-05
"XGB","Changes_hard_to_describe",100,1,0.01,27,0,3.0075187969926e-06,3.00751879699259e-05,0,3.00751879699259e-06,-2.9600509822149e-06,8.97508857620009e-06
"XGB","Feeling_of_choking",100,1,0.01,27,0,1.42857142857138e-06,1.42857142857138e-05,0,1.42857142857138e-06,-1.40602421655197e-06,4.26316707369473e-06
"XGB","Pain_reduces_improves_when_changing_body_position",100,1,0.01,27,0,3.75939849624229e-07,3.75939849624229e-06,0,3.75939849624229e-07,-3.70006372777015e-07,1.12188607202547e-06
"XGB","Breathing_sound_jarred_raspy",100,0,0,27,0,0,0,0,0,0,0
"XGB","Changes_hard_to_describe.1",100,0,0,27,0,0,0,0,0,0,0
"XGB","Cold_feet",100,0,0,27,0,0,0,0,0,0,0
"XGB","Day_sweats_more_than_usual",100,0,0,27,0,0,0,0,0,0,0
"XGB","Hacking_cough",100,0,0,27,0,0,0,0,0,0,0
"XGB","Headache",100,0,0,27,0,0,0,0,0,0,0
"XGB","Pain_in_whole_body",100,0,0,27,0,0,0,0,0,0,0
"XGB","Pain_that_shifts_location",100,0,0,27,0,0,0,0,0,0,0
"XGB","Sores_in_chest",100,0,0,27,0,0,0,0,0,0,0
"XGB","Sweating_all_the_time",100,0,0,27,0,0,0,0,0,0,0
"XGB","Thin_mucus",100,0,0,27,0,0,0,0,0,0,0
"XGB","Trouble_swallowing",100,0,0,27,0,0,0,0,0,0,0
"XGB","Unlike_other_coughs",100,0,0,27,0,0,0,0,0,0,0
"XGB","Wheezing_cough",100,0,0,27,0,0,0,0,0,0,0
"XGB","Pain_in_neck",100,10,0.1,27,0,-4.68671679200119e-07,0.000981602153277058,0,9.81602153277058e-05,-0.000195239834903807,0.000194302491545407
"XGB","Pain_in_shoulder_blade",100,1,0.01,27,0,-2.8571428571428e-06,3.43771423630164e-05,0,3.43771423630164e-06,-9.67831371952247e-06,3.96402800523688e-06
"XGB","Lumps_pieces_in_sputum",100,2,0.02,27,0,-2.8571428571428e-06,4.32091196000624e-05,0,4.32091196000624e-06,-1.14307696144997e-05,5.71648390021407e-06
"XGB","Lost_sense_of_smell",100,19,0.19,27,0,-4.04010025062535e-06,0.000933181654043538,0,9.33181654043538e-05,-0.000189203585936889,0.000181123385435639
"XGB","Pain_in_throat",100,0,0,27,0,-4.51127819548873e-06,4.51127819548873e-05,0,4.51127819548873e-06,-1.34626328642997e-05,4.4400764733222e-06
"XGB","Voice_changes_difficult_to_describe",100,0,0,27,0,-5.26315789473662e-06,3.74112670643779e-05,0,3.74112670643779e-06,-1.26863649236831e-05,2.1600491342099e-06
"XGB","Losing_breath_due_to_coughing",100,0,0,27,0,-5.61403508771931e-06,5.61403508771933e-05,0,5.61403508771933e-06,-1.6753498675573e-05,5.52542850013433e-06
"XGB","Barking_cough",100,1,0.01,27,0,-7.69298245614055e-06,7.83816910121455e-05,0,7.83816910121455e-06,-2.32456104561713e-05,7.85964554389023e-06
"XGB","More_sensitive_to_different_smells",100,0,0,27,0,-9.77443609022557e-06,9.7744360902256e-05,0,9.7744360902256e-06,-2.91690378726493e-05,9.62016569219811e-06
"XGB","Feeling_of_discomfort_uneasiness_hard_to_describe",100,1,0.01,27,0.01,-2.15789473684208e-05,0.000312412835153321,0,3.12412835153321e-05,-8.356843170886e-05,4.04105369720185e-05
"XGB","Pain_persists_worsens_changing_body_position",100,19,0.19,27,0.01,-2.65175438596512e-05,0.00164341084804773,0,0.000164341084804774,-0.000352605910171384,0.000299570822452081
"XGB","Pain_persists_worsens_when_breathing",100,0,0,27,0,-2.87719298245615e-05,0.000287719298245615,0,2.87719298245615e-05,-8.58616807123113e-05,2.83178210631882e-05
"XGB","Nail_changes",100,4,0.04,27,0,-4.10776942355926e-05,0.000566982998066568,0,5.66982998066568e-05,-0.00015357942183809,7.14240333669048e-05
"XGB","Lump_in_the_chest",100,3,0.03,27,0,-7.07819548872164e-05,0.000520432100941159,0,5.20432100941159e-05,-0.000174046974570934,3.24830647965018e-05
"XGB","Difficult_sensing_smells",100,5,0.05,27,0,-7.27694235588968e-05,0.000624581353489671,0,6.24581353489671e-05,-0.000196699914482796,5.11610673650026e-05
"XGB","Pain_in_shoulders",100,9,0.09,27.5,0,-8.80300751879703e-05,0.00078461110290232,0,7.8461110290232e-05,-0.00024371394026614,6.76537898901995e-05
"XGB","Thick_consistency",100,6,0.06,27,0,-9.05714285714305e-05,0.000863724111992841,0,8.63724111992841e-05,-0.000261953031022442,8.08101738795814e-05
"XGB","White_yellow_or_green_phlegm_expectorated",100,27,0.27,28,0.05,-9.79999999999984e-05,0.0032700431041287,0,0.00032700431041287,-0.000746847495963042,0.000550847495963046
"XGB","Chills",100,10,0.1,27.5,0,-9.97192982456152e-05,0.000879232917041856,0,8.79232917041856e-05,-0.000274178184084338,7.47395875931072e-05
"XGB","Slight_cough",100,4,0.04,27,0,-0.000103155388471177,0.000904861243260694,0,9.04861243260694e-05,-0.00028269949024232,7.63887132999655e-05
"XGB","Dryer_skin",100,25,0.25,29,0,-0.000105691729323312,0.00181848305828295,0,0.000181848305828295,-0.000466518220365085,0.000255134761718461
"XGB","Feeling_chilly",100,41,0.41,28,0.06,-0.000118040100250628,0.00399397760800573,0,0.000399397760800573,-0.000910531907656781,0.000674451707155525
"XGB","Blood_mixed_phlegm_expectorates",100,9,0.09,28,0,-0.000142205513784461,0.000918312821146072,0,9.18312821146072e-05,-0.000324418700442179,4.00076728732568e-05
"XGB","Feeling_pressure",100,20,0.2,28,0.02,-0.000166333333333336,0.00147185499360878,0,0.000147185499360878,-0.000458381296192902,0.00012571462952623
"XGB","Weaker_voice",100,32,0.32,27,0.02,-0.000171664160401004,0.00188831660347407,0,0.000188831660347407,-0.000546347141858537,0.000203018821056529
"XGB","Pain_in_chest",100,51,0.51,24,0.1,-0.000181174185463663,0.00580669193281275,0.000104260651629068,0.000580669193281275,-0.00133334784203638,0.000970999471109053
"XGB","Difficulty_to_stay_awake",100,3,0.03,28,0,-0.00020456015037594,0.000752709508273528,0,7.52709508273528e-05,-0.000353914046969601,-5.52062537822786e-05
"XGB","Breathing_sound_whistling",100,12,0.12,27,0.01,-0.000253360902255643,0.00119893729736206,0,0.000119893729736206,-0.000491256073187143,-1.54657313241433e-05
"XGB","Swollen_tender_joints",100,21,0.21,27,0.01,-0.000306380952380953,0.00239214612991153,0,0.000239214612991153,-0.000781034642545183,0.000168272737783278
"XGB","Thickness_in_throat.1",100,7,0.07,28,0,-0.000338020050125314,0.00145296528416634,0,0.000145296528416634,-0.000626319884816256,-4.97202154343717e-05
"XGB","Fever",100,30,0.3,27,0.01,-0.000404890977443608,0.00231784505703252,0,0.000231784505703252,-0.000864801722775079,5.50197678878639e-05
"XGB","Lost_my_voice",100,11,0.11,27.5,0,-0.000422162907268169,0.00157014051077034,0,0.000157014051077034,-0.000733712849052476,-0.000110612965483862
"XGB","Felt_abnormally_unhealthily_tires",100,15,0.15,30,0,-0.000451192982456141,0.00219253458510556,0,0.000219253458510556,-0.000886239411526735,-1.61465533855472e-05
"XGB","Panic_sensation",100,28,0.28,27,0.02,-0.000480116541353383,0.00261954505640081,0,0.000261954505640081,-0.00099989111198887,3.96580292821049e-05
"XGB","Feeling_of_uneasiness_difficult_to_describe",100,25,0.25,28,0.01,-0.000527441102756892,0.00241980421526998,0,0.000241980421526998,-0.00100758275710279,-4.72994484109964e-05
"XGB","Coughing_fits",100,34,0.34,27,0.01,-0.000531641604010028,0.00302048461121147,0,0.000302048461121147,-0.0011309712807672,6.76880727471428e-05
"XGB","Increased_need_for_sleep",100,53,0.53,23,0.17,-0.000540363408521313,0.00767501177890629,0.000363408521303263,0.000767501177890629,-0.00206325225605444,0.000982525439011816
"XGB","Uneasiness_hard_to_describe",100,43,0.43,28,0.05,-0.000633235588972431,0.00466941924856152,0,0.000466941924856153,-0.0015597496716784,0.000293278493733537
"XGB","Mucus_cough",100,44,0.44,29.5,0.14,-0.000654675438596495,0.00645897827024291,-0.000488721804511304,0.000645897827024291,-0.00193627685597093,0.000626925978777936
"XGB","Changes_pitch_higher_lower",100,37,0.37,28.5,0.03,-0.000655165413533834,0.00288014619618053,0,0.000288014619618053,-0.00122664890408469,-8.36819229829795e-05
"XGB","Labored_breathing",100,45,0.45,28,0.05,-0.000673533834586472,0.0040457653187967,0,0.00040457653187967,-0.00147630144735616,0.000129233778183212
"XGB","Persistent_fatigue",100,31,0.31,27,0.01,-0.000776979949874691,0.00403005343982762,0,0.000403005343982762,-0.0015766299849852,2.26700852358209e-05
"XGB","Felt_out_of_sorts",100,16,0.16,29,0.02,-0.000783756892230581,0.00308430599189397,0,0.000308430599189397,-0.00139575011553014,-0.000171763668931023
"XGB","Calf_cramp",100,34,0.34,29,0.02,-0.00088055639097745,0.00451369015309,0,0.000451369015309,-0.00177617044257444,1.50576606195373e-05
"XGB","Breathing_sound_bubbled_gurgled",100,20,0.2,30,0.03,-0.000911434837092732,0.00394001779310563,0,0.000394001779310563,-0.00169321984655596,-0.000129649827629503
"XGB","Hard_to_breathe_deeply",100,31,0.31,30.5,0,-0.0010325037593985,0.00408737080672901,-0.000290726817042558,0.000408737080672901,-0.00184352680361161,-0.000221480715185384
"XGB","More_down",100,42,0.42,28.5,0.13,-0.00109879197994988,0.00770376227041996,-0.000375939849624086,0.000770376227041996,-0.0026273855487458,0.000429801588846034
"XGB","Breathing_sound_squeaked_as_if_through_a_pipe",100,27,0.27,31,0.02,-0.00112811779448621,0.00497351100462695,-3.37143507556092e-18,0.000497351100462695,-0.00211497027891445,-0.000141265310057976
"XGB","Became_weaker",100,36,0.36,33,0.08,-0.00113292105263158,0.00584051277148302,-0.000654135338345849,0.000584051277148302,-0.00229180549734494,2.59633920817787e-05
"XGB","Night_sweats",100,48,0.48,25,0.08,-0.00117170175438597,0.00679507754437077,0,0.000679507754437077,-0.00251999255947444,0.000176589050702498
"XGB","Less_will_to_do_things",100,37,0.37,35.5,0.07,-0.0012095739348371,0.00589332554208968,-0.000543859649122789,0.000589332554208968,-0.00237893757902026,-4.02102906539455e-05
"XGB","Hoarse_voice",100,41,0.41,32.5,0.1,-0.00121464411027569,0.00672192474524455,-0.000601503759398487,0.000672192474524455,-0.00254841981295594,0.000119131592404551
"XGB","Clear_throat_more_often",100,45,0.45,28,0.03,-0.00146552380952381,0.00526996397462292,0,0.000526996397462292,-0.00251119899479346,-0.00041984862425416
"XGB","Heartburn",100,24,0.24,29,0.02,-0.00152169423558898,0.00463151032926472,0,0.000463151032926472,-0.00244068636626644,-0.000602702104911513
"XGB","Wheezing",100,30,0.3,31.5,0.06,-0.00158127067669174,0.00420234862146311,-0.000977443609022575,0.000420234862146311,-0.00241510781381003,-0.000747433539573445
"XGB","Felt_worn_out",100,34,0.34,30.5,0.05,-0.00164092105263159,0.00526463706918032,-0.000583333333333327,0.000526463706918032,-0.00268553926429337,-0.000596302840969807
"XGB","Hard_to_get_air",100,46,0.46,28.5,0.2,-0.00171755137844612,0.0109780821108154,0,0.00109780821108154,-0.00389584104046486,0.000460738283572626
"XGB","Increased_amount_of_phlegm_expectorates",100,40,0.4,28,0.11,-0.00185645614035088,0.0104704214610322,0,0.00104704214610322,-0.00393401491567432,0.000221102634972554
"XGB","Dry_cough",100,35,0.35,34.5,0.04,-0.00203086842105264,0.00554847501573293,-0.00116290726817041,0.000554847501573293,-0.00313180623921974,-0.000929930602885537
"XGB","Breathing_sound_rattled_wheezed",100,28,0.28,31.5,0.01,-0.00219905263157895,0.00526894734131293,-0.00014661654135342,0.000526894734131293,-0.00324452609474388,-0.00115357916841403
"XGB","Do_not_enjoy_food",100,24,0.24,37,0.03,-0.00239157142857144,0.00649253501510411,-0.000842105263157896,0.000649253501510411,-0.00367983123214523,-0.00110331162499764
"XGB","Did_not_feel_well_rested",100,45,0.45,27,0.1,-0.00256126190476191,0.0124292502253605,0,0.00124292502253605,-0.00502749480402888,-9.50290054949434e-05
"XGB","Poorer_condition_lower_fitness",100,38,0.38,40,0.18,-0.00309778571428572,0.0109159755230089,-0.00263157894736846,0.00109159755230089,-0.00526375208187139,-0.000931819346700046
"XGB","Less_energy_to_do_things",100,36,0.36,34,0.12,-0.00334326065162908,0.0147141987709096,-0.00140175438596495,0.00147141987709096,-0.00626287691465415,-0.000423644388603999
